stationCode,line,currentZh,currentKo,currentEn,problem,suggestedFix,sources,confidence
109,首爾 1 號線,可能,가능,Ganeung,中文錯譯；「가능」不是『可能』,中文改為「佳陵」；英文改為「Ganeung」,[首都圈電鐵1號線](https://zh.wikipedia.org/wiki/首都圈電鐵1號線)；[KRIC 1 號線](https://www.data.go.kr/data/15064037/fileData.do)；使用者提供之中文維基＋Namu 人工核對結果,高
119,首爾 1 號線,光雲大,광운대,Gwangundae,機構縮寫未展開，且官方英文不是羅馬字發音；英文欄目前是發音羅馬字或舊式寫法，與營運單位／KRIC 的官方英文主名稱不同,中文改為「光雲大學」；英文改為「Kwangwoon Univ.」；若仍要保留拼音，另增 romanized 欄位,[首都圈電鐵1號線](https://zh.wikipedia.org/wiki/首都圈電鐵1號線)；[KRIC 1 號線](https://www.data.go.kr/data/15064037/fileData.do)；使用者提供之中文維基＋Namu 人工核對結果；[KRIC capital line 1](https://www.data.go.kr/data/15064037/fileData.do),高
122,首爾 1 號線,外大前,외대앞,Oedaeap,「외대앞」是韓國外國語大學前，中文慣例省略 앞；英文欄目前是發音羅馬字或舊式寫法，與營運單位／KRIC 的官方英文主名稱不同,中文改為「韓國外國語大學」；英文改為「Hankuk Univ. of Foreign Studies」；若仍要保留拼音，另增 romanized 欄位,[首都圈電鐵1號線](https://zh.wikipedia.org/wiki/首都圈電鐵1號線)；[KRIC 1 號線](https://www.data.go.kr/data/15064037/fileData.do)；使用者提供之中文維基＋Namu 人工核對結果；[KRIC capital line 1](https://www.data.go.kr/data/15064037/fileData.do),高
124,首爾 1 號線,淸涼里,청량리,Cheongnyangni,使用異體字『淸』，應統一正體字『清』,中文改為「清涼里」；英文改為「Cheongnyangni」,[首都圈電鐵1號線](https://zh.wikipedia.org/wiki/首都圈電鐵1號線)；[KRIC 1 號線](https://www.data.go.kr/data/15064037/fileData.do)；使用者提供之中文維基＋Namu 人工核對結果,高
127,首爾 1 號線,東廟前,동묘앞,Dongmyoap,中文慣例省略 앞，官方英文亦省略 ap；英文欄目前是發音羅馬字或舊式寫法，與營運單位／KRIC 的官方英文主名稱不同,中文改為「東廟」；英文改為「Dongmyo」；若仍要保留拼音，另增 romanized 欄位,[首都圈電鐵1號線](https://zh.wikipedia.org/wiki/首都圈電鐵1號線)；[KRIC 1 號線](https://www.data.go.kr/data/15064037/fileData.do)；使用者提供之中文維基＋Namu 人工核對結果；[Seoul Metro multilingual 2026-03-26](https://www.data.go.kr/data/15044232/fileData.do),高
627,首爾 6 號線,孝昌公園前,효창공원앞,Hyochanggongwonap,中文慣例省略 앞，官方英文不是羅馬字發音；英文欄目前是發音羅馬字或舊式寫法，與營運單位／KRIC 的官方英文主名稱不同,中文改為「孝昌公園」；英文改為「Hyochang Park」；若仍要保留拼音，另增 romanized 欄位,[首尔地铁6号线](https://zh.wikipedia.org/wiki/首尔地铁6号线)；[KRIC 6 號線](https://www.data.go.kr/data/15064045/fileData.do)；使用者提供之中文維基＋Namu 人工核對結果；[Seoul Metro multilingual 2026-03-26](https://www.data.go.kr/data/15044232/fileData.do),中
636,首爾 6 號線,東廟前,동묘앞,Dongmyoap,與 1 號線同一轉乘站，中文慣例省略 앞；英文欄目前是發音羅馬字或舊式寫法，與營運單位／KRIC 的官方英文主名稱不同,中文改為「東廟」；英文改為「Dongmyo」；若仍要保留拼音，另增 romanized 欄位,[首尔地铁6号线](https://zh.wikipedia.org/wiki/首尔地铁6号线)；[KRIC 6 號線](https://www.data.go.kr/data/15064045/fileData.do)；使用者提供之中文維基＋Namu 人工核對結果；[Seoul Metro multilingual 2026-03-26](https://www.data.go.kr/data/15044232/fileData.do),中
449,首爾 4 號線,漢大前,한대앞,Hanyang Univ. at Ansan,「한대앞」是漢陽大學前，中文慣例省略 앞,中文改為「漢陽大學」；英文改為「Hanyang Univ. at Ansan」,[首都圈电铁4号线](https://zh.wikipedia.org/wiki/首都圈电铁4号线)；[KRIC 4 號線](https://www.data.go.kr/data/15064041/fileData.do)；使用者提供之中文維基＋Namu 人工核對結果,中
209,首爾 2 號線,漢陽大,한양대,Hanyangdae,大學／機構縮寫直接寫成『大／大入口』，沒有採用機構正式通用名稱；英文欄多為發音羅馬字；英文欄目前是發音羅馬字或舊式寫法，與營運單位／KRIC 的官方英文主名稱不同,中文改為「漢陽大學」；英文採官方站名「Hanyang Univ.」；英文改為「Hanyang Univ.」；若仍要保留拼音，另增 romanized 欄位,[首爾地鐵2號線](https://zh.wikipedia.org/wiki/首爾地鐵2號線)；[首爾交通公社多語站名](https://www.data.go.kr/data/15044232/fileData.do)；[Seoul Metro multilingual 2026-03-26](https://www.data.go.kr/data/15044232/fileData.do),中
212,首爾 2 號線,建大入口,건대입구,Geondaeipgu,大學／機構縮寫直接寫成『大／大入口』，沒有採用機構正式通用名稱；英文欄多為發音羅馬字；英文欄目前是發音羅馬字或舊式寫法，與營運單位／KRIC 的官方英文主名稱不同,中文改為「建國大學」；英文採官方站名「Konkuk Univ.」；英文改為「Konkuk Univ.」；若仍要保留拼音，另增 romanized 欄位,[首爾地鐵2號線](https://zh.wikipedia.org/wiki/首爾地鐵2號線)；[首爾交通公社多語站名](https://www.data.go.kr/data/15044232/fileData.do)；[Seoul Metro multilingual 2026-03-26](https://www.data.go.kr/data/15044232/fileData.do),中
223,首爾 2 號線,教大,교대,Gyodae,大學／機構縮寫直接寫成『大／大入口』，沒有採用機構正式通用名稱；英文欄多為發音羅馬字；英文欄目前是發音羅馬字或舊式寫法，與營運單位／KRIC 的官方英文主名稱不同,中文改為「首爾教育大學」；英文採官方站名「Seoul Nat'l Univ. of Education(Court & Prosecutors’ Office)」；英文改為「Seoul Nat'l Univ. of Education(Court & Prosecutors’ Office)」；若仍要保留拼音，另增 romanized 欄位,[首爾地鐵2號線](https://zh.wikipedia.org/wiki/首爾地鐵2號線)；[首爾交通公社多語站名](https://www.data.go.kr/data/15044232/fileData.do)；[Seoul Metro multilingual 2026-03-26](https://www.data.go.kr/data/15044232/fileData.do),中
228,首爾 2 號線,首爾大入口,서울대입구,Seouldaeipgu,大學／機構縮寫直接寫成『大／大入口』，沒有採用機構正式通用名稱；英文欄多為發音羅馬字；英文欄目前是發音羅馬字或舊式寫法，與營運單位／KRIC 的官方英文主名稱不同,中文改為「首爾大學」；英文採官方站名「Seoul Nat‘l Univ. (Gwanakgu Office)」；英文改為「Seoul Nat‘l Univ. (Gwanakgu Office)」；若仍要保留拼音，另增 romanized 欄位,[首爾地鐵2號線](https://zh.wikipedia.org/wiki/首爾地鐵2號線)；[首爾交通公社多語站名](https://www.data.go.kr/data/15044232/fileData.do)；[Seoul Metro multilingual 2026-03-26](https://www.data.go.kr/data/15044232/fileData.do),中
239,首爾 2 號線,弘大入口,홍대입구,Hongdaeipgu,大學／機構縮寫直接寫成『大／大入口』，沒有採用機構正式通用名稱；英文欄多為發音羅馬字；英文欄目前是發音羅馬字或舊式寫法，與營運單位／KRIC 的官方英文主名稱不同,中文改為「弘益大學」；英文採官方站名「Hongik Univ.」；英文改為「Hongik Univ.」；若仍要保留拼音，另增 romanized 欄位,[首爾地鐵2號線](https://zh.wikipedia.org/wiki/首爾地鐵2號線)；[首爾交通公社多語站名](https://www.data.go.kr/data/15044232/fileData.do)；[Seoul Metro multilingual 2026-03-26](https://www.data.go.kr/data/15044232/fileData.do),中
241,首爾 2 號線,梨大,이대,Idae,大學／機構縮寫直接寫成『大／大入口』，沒有採用機構正式通用名稱；英文欄多為發音羅馬字；英文欄目前是發音羅馬字或舊式寫法，與營運單位／KRIC 的官方英文主名稱不同,中文改為「梨花女子大學」；英文採官方站名「Ewha Womans Univ.」；英文改為「Ewha Womans Univ.」；若仍要保留拼音，另增 romanized 欄位,[首爾地鐵2號線](https://zh.wikipedia.org/wiki/首爾地鐵2號線)；[首爾交通公社多語站名](https://www.data.go.kr/data/15044232/fileData.do)；[Seoul Metro multilingual 2026-03-26](https://www.data.go.kr/data/15044232/fileData.do),中
332,首爾 3 號線,東大入口,동대입구,Dongdaeipgu,大學／機構縮寫直接寫成『大／大入口』，沒有採用機構正式通用名稱；英文欄多為發音羅馬字；英文欄目前是發音羅馬字或舊式寫法，與營運單位／KRIC 的官方英文主名稱不同,中文改為「東國大學」；英文採官方站名「Dongguk Univ.」；英文改為「Dongguk Univ.」；若仍要保留拼音，另增 romanized 欄位,[首都圈電鐵3號線](https://zh.wikipedia.org/wiki/首都圈電鐵3號線)；[首爾交通公社多語站名](https://www.data.go.kr/data/15044232/fileData.do)；[Seoul Metro multilingual 2026-03-26](https://www.data.go.kr/data/15044232/fileData.do),中
340,首爾 3 號線,教大,교대,Gyodae,大學／機構縮寫直接寫成『大／大入口』，沒有採用機構正式通用名稱；英文欄多為發音羅馬字；英文欄目前是發音羅馬字或舊式寫法，與營運單位／KRIC 的官方英文主名稱不同,中文改為「首爾教育大學」；英文採官方站名「Seoul Nat'l Univ. of Education(Court & Prosecutors’ Office)」；英文改為「Seoul Nat'l Univ. of Education(Court & Prosecutors’ Office)」；若仍要保留拼音，另增 romanized 欄位,[首都圈電鐵3號線](https://zh.wikipedia.org/wiki/首都圈電鐵3號線)；[首爾交通公社多語站名](https://www.data.go.kr/data/15044232/fileData.do)；[Seoul Metro multilingual 2026-03-26](https://www.data.go.kr/data/15044232/fileData.do),中
418,首爾 4 號線,誠信女大入口,성신여대입구,Seongsinyeodae Ipgu,大學／機構縮寫直接寫成『大／大入口』，沒有採用機構正式通用名稱；英文欄多為發音羅馬字；英文欄目前是發音羅馬字或舊式寫法，與營運單位／KRIC 的官方英文主名稱不同,中文改為「誠信女子大學」；英文採官方站名「Sungshin Women's Univ. (Donam)」；英文改為「Sungshin Women's Univ. (Donam)」；若仍要保留拼音，另增 romanized 欄位,[首都圈电铁4号线](https://zh.wikipedia.org/wiki/首都圈电铁4号线)；[首爾交通公社多語站名](https://www.data.go.kr/data/15044232/fileData.do)；[Seoul Metro multilingual 2026-03-26](https://www.data.go.kr/data/15044232/fileData.do),中
419,首爾 4 號線,漢城大入口,한성대입구,Hanseongdaeipgu,大學／機構縮寫直接寫成『大／大入口』，沒有採用機構正式通用名稱；英文欄多為發音羅馬字；英文欄目前是發音羅馬字或舊式寫法，與營運單位／KRIC 的官方英文主名稱不同,中文改為「漢城大學」；英文採官方站名「Hansung Univ. (Samseongyo)」；英文改為「Hansung Univ. (Samseongyo)」；若仍要保留拼音，另增 romanized 欄位,[首都圈电铁4号线](https://zh.wikipedia.org/wiki/首都圈电铁4号线)；[首爾交通公社多語站名](https://www.data.go.kr/data/15044232/fileData.do)；[Seoul Metro multilingual 2026-03-26](https://www.data.go.kr/data/15044232/fileData.do),中
427,首爾 4 號線,淑大入口,숙대입구,Sukdaeipgu,大學／機構縮寫直接寫成『大／大入口』，沒有採用機構正式通用名稱；英文欄多為發音羅馬字；英文欄目前是發音羅馬字或舊式寫法，與營運單位／KRIC 的官方英文主名稱不同,中文改為「淑明女子大學」；英文採官方站名「Sookmyung Women's Univ. (Seoul Metropolitan Office of Education)」；英文改為「Sookmyung Women's Univ. (Seoul Metropolitan Office of Education)」；若仍要保留拼音，另增 romanized 欄位,[首都圈电铁4号线](https://zh.wikipedia.org/wiki/首都圈电铁4号线)；[首爾交通公社多語站名](https://www.data.go.kr/data/15044232/fileData.do)；[Seoul Metro multilingual 2026-03-26](https://www.data.go.kr/data/15044232/fileData.do),中
432,首爾 4 號線,總神大入口,총신대입구,Chongsindaeipgu,大學／機構縮寫直接寫成『大／大入口』，沒有採用機構正式通用名稱；英文欄多為發音羅馬字；英文欄目前是發音羅馬字或舊式寫法，與營運單位／KRIC 的官方英文主名稱不同,中文改為「總神大學」；英文採官方站名「Chongshin Univ. (Isu)」；英文改為「Chongshin Univ. (Isu)」；若仍要保留拼音，另增 romanized 欄位,[首都圈电铁4号线](https://zh.wikipedia.org/wiki/首都圈电铁4号线)；[首爾交通公社多語站名](https://www.data.go.kr/data/15044232/fileData.do)；[Seoul Metro multilingual 2026-03-26](https://www.data.go.kr/data/15044232/fileData.do),中
640,首爾 6 號線,高麗大,고려대,Goryeodae,大學／機構縮寫直接寫成『大／大入口』，沒有採用機構正式通用名稱；英文欄多為發音羅馬字；英文欄目前是發音羅馬字或舊式寫法，與營運單位／KRIC 的官方英文主名稱不同,中文改為「高麗大學」；英文採官方站名「Korea Univ.(Jongam)」；英文改為「Korea Univ.(Jongam)」；若仍要保留拼音，另增 romanized 欄位,[首尔地铁6号线](https://zh.wikipedia.org/wiki/首尔地铁6号线)；[首爾交通公社多語站名](https://www.data.go.kr/data/15044232/fileData.do)；[Seoul Metro multilingual 2026-03-26](https://www.data.go.kr/data/15044232/fileData.do),中
727,首爾 7 號線,建大入口,건대입구,Geondaeipgu,大學／機構縮寫直接寫成『大／大入口』，沒有採用機構正式通用名稱；英文欄多為發音羅馬字；英文欄目前是發音羅馬字或舊式寫法，與營運單位／KRIC 的官方英文主名稱不同,中文改為「建國大學」；英文採官方站名「Konkuk Univ.」；英文改為「Konkuk Univ.」；若仍要保留拼音，另增 romanized 欄位,[首爾地鐵7號線](https://zh.wikipedia.org/wiki/首爾地鐵7號線)；[首爾交通公社多語站名](https://www.data.go.kr/data/15044232/fileData.do)；[Seoul Metro multilingual 2026-03-26](https://www.data.go.kr/data/15044232/fileData.do),中
738,首爾 7 號線,崇實大入口,숭실대입구,Sungsildaeipgu,大學／機構縮寫直接寫成『大／大入口』，沒有採用機構正式通用名稱；英文欄多為發音羅馬字；英文欄目前是發音羅馬字或舊式寫法，與營運單位／KRIC 的官方英文主名稱不同,中文改為「崇實大學」；英文採官方站名「Soongsil Univ.(Salpijae)」；英文改為「Soongsil Univ.(Salpijae)」；若仍要保留拼音，另增 romanized 欄位,[首爾地鐵7號線](https://zh.wikipedia.org/wiki/首爾地鐵7號線)；[首爾交通公社多語站名](https://www.data.go.kr/data/15044232/fileData.do)；[Seoul Metro multilingual 2026-03-26](https://www.data.go.kr/data/15044232/fileData.do),中
A03,機場鐵路 A'REX,弘大入口,홍대입구,Hongdaeipgu,大學／機構縮寫直接寫成『大／大入口』，沒有採用機構正式通用名稱；英文欄多為發音羅馬字；英文欄目前是發音羅馬字或舊式寫法，與營運單位／KRIC 的官方英文主名稱不同,中文改為「弘益大學」；英文採官方站名「Hongik Univ.」；英文改為「Hongik Univ.」；若仍要保留拼音，另增 romanized 欄位,[仁川國際機場鐵道](https://zh.wikipedia.org/wiki/仁川國際機場鐵道)；[首爾交通公社多語站名](https://www.data.go.kr/data/15044232/fileData.do)；[KRIC AREX 2025-06-30](https://www.data.go.kr/data/15041034/fileData.do),中
S120,牛耳新設線,誠信女大入口,성신여대입구,Seongsinyeodae Ipgu,大學／機構縮寫直接寫成『大／大入口』，沒有採用機構正式通用名稱；英文欄多為發音羅馬字；英文欄目前是發音羅馬字或舊式寫法，與營運單位／KRIC 的官方英文主名稱不同,中文改為「誠信女子大學」；英文採官方站名「Sungshin Women's University」；英文改為「Sungshin Women's University」；若仍要保留拼音，另增 romanized 欄位,[首爾輕電鐵牛耳新設線](https://zh.wikipedia.org/wiki/首爾輕電鐵牛耳新設線)；[首爾交通公社多語站名](https://www.data.go.kr/data/15044232/fileData.do)；[KRIC Ui-Sinseol 2025-06-30](https://www.data.go.kr/data/15041029/fileData.do),中
P153,首爾 1 號線（京釜·長項線）,成均館大,성균관대,Sungkyunkwan Univ.,大學／機構縮寫直接寫成『大／大入口』，沒有採用機構正式通用名稱；英文欄多為發音羅馬字,中文改為「成均館大學」；英文採官方站名「Sungkyunkwan Univ.」,[首都圈電鐵1號線](https://zh.wikipedia.org/wiki/首都圈電鐵1號線)；[首爾交通公社多語站名](https://www.data.go.kr/data/15044232/fileData.do),中
P159,首爾 1 號線（京釜·長項線）,烏山大,오산대,Osan Univ.,大學／機構縮寫直接寫成『大／大入口』，沒有採用機構正式通用名稱；英文欄多為發音羅馬字,中文改為「烏山大學」；英文採官方站名「Osan Univ.」,[首都圈電鐵1號線](https://zh.wikipedia.org/wiki/首都圈電鐵1號線)；[首爾交通公社多語站名](https://www.data.go.kr/data/15044232/fileData.do),中
124,釜山 1 號線,教大,교대,Busan Nat’l Univ. of Edu.,大學／機構縮寫直接寫成『大／大入口』，沒有採用機構正式通用名稱；英文欄多為發音羅馬字,中文改為「釜山教育大學」；英文採官方站名「BusanNat'lUniv. of Edu.」,[釜山都市铁道1号线](https://zh.wikipedia.org/wiki/釜山都市铁道1号线)；[釜山交通公社都市鐵道站名](https://www.data.go.kr/data/3077187/fileData.do),中
S112,牛耳新設線,4·19民主墓地,419민주묘지,Sailgu Minju Myoji,韓文少了官方名稱中的句點，英文為自行拼讀；英文欄目前是發音羅馬字或舊式寫法，與營運單位／KRIC 的官方英文主名稱不同,"韓文改為「4.19민주묘지」；英文改為「April 19th National Cemetery」；英文改為「April 19th National Cemetery_x000D_
(Duksung Women's Univ.)」；若仍要保留拼音，另增 romanized 欄位",[KRIC 牛耳新設線](https://www.data.go.kr/data/15041029/fileData.do)；[KRIC Ui-Sinseol 2025-06-30](https://www.data.go.kr/data/15041029/fileData.do),高
504,釜山－金海輕軌,金海國際機場,김해국제공항,Gimhae International Airport,韓文主站名無法對上營運資料；官方主站名為「공항」；站號使用自訂 5xx；官方旅客站號為 104,韓文改為「공항」；中文改為「機場」；英文採「Gimhae Int'l Airport」；站號改為「104」；以 BGL 徽章／路線色區隔，不改官方號碼,[KRIC 金海輕軌](https://www.data.go.kr/data/15041041/fileData.do)；[金海輕軌營運單位站號說明](https://www.bglrt.com/00028/00031/00042.web?amode=view&cpage=103&gcode=1008&idx=8884&serchtype=field),高
521,釜山－金海輕軌,加耶大學,가야대,Kaya Univ.,站號使用自訂 5xx；官方旅客站號為 121,站號改為「121」；以 BGL 徽章／路線色區隔，不改官方號碼,[KRIC 金海輕軌](https://www.data.go.kr/data/15041041/fileData.do)；[金海輕軌營運單位站號說明](https://www.bglrt.com/00028/00031/00042.web?amode=view&cpage=103&gcode=1008&idx=8884&serchtype=field),高
520,釜山－金海輕軌,長神大學,장신대,Presbyterian Univ.,站號使用自訂 5xx；官方旅客站號為 120,站號改為「120」；以 BGL 徽章／路線色區隔，不改官方號碼,[KRIC 金海輕軌](https://www.data.go.kr/data/15041041/fileData.do)；[金海輕軌營運單位站號說明](https://www.bglrt.com/00028/00031/00042.web?amode=view&cpage=103&gcode=1008&idx=8884&serchtype=field),高
519,釜山－金海輕軌,蓮池公園,연지공원,Yeonji Park,站號使用自訂 5xx；官方旅客站號為 119,站號改為「119」；以 BGL 徽章／路線色區隔，不改官方號碼,[KRIC 金海輕軌](https://www.data.go.kr/data/15041041/fileData.do)；[金海輕軌營運單位站號說明](https://www.bglrt.com/00028/00031/00042.web?amode=view&cpage=103&gcode=1008&idx=8884&serchtype=field),高
518,釜山－金海輕軌,博物館,박물관,Museum,站號使用自訂 5xx；官方旅客站號為 118；英文欄目前是發音羅馬字或舊式寫法，與營運單位／KRIC 的官方英文主名稱不同,站號改為「118」；以 BGL 徽章／路線色區隔，不改官方號碼；英文改為「Gimhae National Museum」；若仍要保留拼音，另增 romanized 欄位,[KRIC 金海輕軌](https://www.data.go.kr/data/15041041/fileData.do)；[金海輕軌營運單位站號說明](https://www.bglrt.com/00028/00031/00042.web?amode=view&cpage=103&gcode=1008&idx=8884&serchtype=field)；[KRIC Busan-Gimhae 2025-06-30](https://www.data.go.kr/data/15041041/fileData.do),高
517,釜山－金海輕軌,首露王陵,수로왕릉,Royal Tomb of King Suro,站號使用自訂 5xx；官方旅客站號為 117,站號改為「117」；以 BGL 徽章／路線色區隔，不改官方號碼,[KRIC 金海輕軌](https://www.data.go.kr/data/15041041/fileData.do)；[金海輕軌營運單位站號說明](https://www.bglrt.com/00028/00031/00042.web?amode=view&cpage=103&gcode=1008&idx=8884&serchtype=field),高
516,釜山－金海輕軌,鳳凰,봉황,Bonghwang,站號使用自訂 5xx；官方旅客站號為 116,站號改為「116」；以 BGL 徽章／路線色區隔，不改官方號碼,[KRIC 金海輕軌](https://www.data.go.kr/data/15041041/fileData.do)；[金海輕軌營運單位站號說明](https://www.bglrt.com/00028/00031/00042.web?amode=view&cpage=103&gcode=1008&idx=8884&serchtype=field),高
515,釜山－金海輕軌,府院,부원,Buwon,站號使用自訂 5xx；官方旅客站號為 115,站號改為「115」；以 BGL 徽章／路線色區隔，不改官方號碼,[KRIC 金海輕軌](https://www.data.go.kr/data/15041041/fileData.do)；[金海輕軌營運單位站號說明](https://www.bglrt.com/00028/00031/00042.web?amode=view&cpage=103&gcode=1008&idx=8884&serchtype=field),高
514,釜山－金海輕軌,金海市廳,김해시청,Gimhae City Hall,站號使用自訂 5xx；官方旅客站號為 114,站號改為「114」；以 BGL 徽章／路線色區隔，不改官方號碼,[KRIC 金海輕軌](https://www.data.go.kr/data/15041041/fileData.do)；[金海輕軌營運單位站號說明](https://www.bglrt.com/00028/00031/00042.web?amode=view&cpage=103&gcode=1008&idx=8884&serchtype=field),高
513,釜山－金海輕軌,仁濟大學,인제대,Inje Univ.,站號使用自訂 5xx；官方旅客站號為 113,站號改為「113」；以 BGL 徽章／路線色區隔，不改官方號碼,[KRIC 金海輕軌](https://www.data.go.kr/data/15041041/fileData.do)；[金海輕軌營運單位站號說明](https://www.bglrt.com/00028/00031/00042.web?amode=view&cpage=103&gcode=1008&idx=8884&serchtype=field),高
512,釜山－金海輕軌,金海大學,김해대학,Gimhae College,站號使用自訂 5xx；官方旅客站號為 112,站號改為「112」；以 BGL 徽章／路線色區隔，不改官方號碼,[KRIC 金海輕軌](https://www.data.go.kr/data/15041041/fileData.do)；[金海輕軌營運單位站號說明](https://www.bglrt.com/00028/00031/00042.web?amode=view&cpage=103&gcode=1008&idx=8884&serchtype=field),高
511,釜山－金海輕軌,池內,지내,Jinae,站號使用自訂 5xx；官方旅客站號為 111,站號改為「111」；以 BGL 徽章／路線色區隔，不改官方號碼,[KRIC 金海輕軌](https://www.data.go.kr/data/15041041/fileData.do)；[金海輕軌營運單位站號說明](https://www.bglrt.com/00028/00031/00042.web?amode=view&cpage=103&gcode=1008&idx=8884&serchtype=field),高
510,釜山－金海輕軌,佛岩,불암,Buram,站號使用自訂 5xx；官方旅客站號為 110,站號改為「110」；以 BGL 徽章／路線色區隔，不改官方號碼,[KRIC 金海輕軌](https://www.data.go.kr/data/15041041/fileData.do)；[金海輕軌營運單位站號說明](https://www.bglrt.com/00028/00031/00042.web?amode=view&cpage=103&gcode=1008&idx=8884&serchtype=field),高
509,釜山－金海輕軌,大沙,대사,Daesa,站號使用自訂 5xx；官方旅客站號為 109,站號改為「109」；以 BGL 徽章／路線色區隔，不改官方號碼,[KRIC 金海輕軌](https://www.data.go.kr/data/15041041/fileData.do)；[金海輕軌營運單位站號說明](https://www.bglrt.com/00028/00031/00042.web?amode=view&cpage=103&gcode=1008&idx=8884&serchtype=field),高
508,釜山－金海輕軌,平江,평강,Pyeonggang,站號使用自訂 5xx；官方旅客站號為 108,站號改為「108」；以 BGL 徽章／路線色區隔，不改官方號碼,[KRIC 金海輕軌](https://www.data.go.kr/data/15041041/fileData.do)；[金海輕軌營運單位站號說明](https://www.bglrt.com/00028/00031/00042.web?amode=view&cpage=103&gcode=1008&idx=8884&serchtype=field),高
507,釜山－金海輕軌,大渚,대저,Daejeo,站號使用自訂 5xx；官方旅客站號為 107,站號改為「107」；以 BGL 徽章／路線色區隔，不改官方號碼,[KRIC 金海輕軌](https://www.data.go.kr/data/15041041/fileData.do)；[金海輕軌營運單位站號說明](https://www.bglrt.com/00028/00031/00042.web?amode=view&cpage=103&gcode=1008&idx=8884&serchtype=field),高
506,釜山－金海輕軌,燈丘,등구,Deunggu,站號使用自訂 5xx；官方旅客站號為 106；目前『燈丘』與官方多語資料及繁中路線表不一致,站號改為「106」；以 BGL 徽章／路線色區隔，不改官方號碼；中文改為「登龜」,[KRIC 金海輕軌](https://www.data.go.kr/data/15041041/fileData.do)；[金海輕軌營運單位站號說明](https://www.bglrt.com/00028/00031/00042.web?amode=view&cpage=103&gcode=1008&idx=8884&serchtype=field)；[釜山—金海轻电铁](https://zh.wikipedia.org/wiki/釜山—金海轻电铁),中
505,釜山－金海輕軌,德斗,덕두,Deokdu,站號使用自訂 5xx；官方旅客站號為 105,站號改為「105」；以 BGL 徽章／路線色區隔，不改官方號碼,[KRIC 金海輕軌](https://www.data.go.kr/data/15041041/fileData.do)；[金海輕軌營運單位站號說明](https://www.bglrt.com/00028/00031/00042.web?amode=view&cpage=103&gcode=1008&idx=8884&serchtype=field),高
503,釜山－金海輕軌,西釜山流通園區,서부산유통지구,Seobusan Yutongjigu,站號使用自訂 5xx；官方旅客站號為 103,站號改為「103」；以 BGL 徽章／路線色區隔，不改官方號碼,[KRIC 金海輕軌](https://www.data.go.kr/data/15041041/fileData.do)；[金海輕軌營運單位站號說明](https://www.bglrt.com/00028/00031/00042.web?amode=view&cpage=103&gcode=1008&idx=8884&serchtype=field),高
502,釜山－金海輕軌,掛法雷諾城,괘법르네시떼,Gwaebeop Renecite,站號使用自訂 5xx；官方旅客站號為 102,站號改為「102」；以 BGL 徽章／路線色區隔，不改官方號碼,[KRIC 金海輕軌](https://www.data.go.kr/data/15041041/fileData.do)；[金海輕軌營運單位站號說明](https://www.bglrt.com/00028/00031/00042.web?amode=view&cpage=103&gcode=1008&idx=8884&serchtype=field),高
501,釜山－金海輕軌,沙上,사상,Sasang,站號使用自訂 5xx；官方旅客站號為 101,站號改為「101」；以 BGL 徽章／路線色區隔，不改官方號碼,[KRIC 金海輕軌](https://www.data.go.kr/data/15041041/fileData.do)；[金海輕軌營運單位站號說明](https://www.bglrt.com/00028/00031/00042.web?amode=view&cpage=103&gcode=1008&idx=8884&serchtype=field),高
P175,首爾 1 號線（京釜·長項線）,溫陽溫泉,온양온천,Onyangoncheon,旅客站號與路線表不一致；目前為 P175，對照表為 P176,站號改為「P176」,[首都圈電鐵1號線](https://zh.wikipedia.org/wiki/首都圈電鐵1號線),中
P176,首爾 1 號線（京釜·長項線）,新昌,신창,Sinchang,旅客站號與路線表不一致；目前為 P176，對照表為 P177,站號改為「P177」,[首都圈電鐵1號線](https://zh.wikipedia.org/wiki/首都圈電鐵1號線),中
343,首爾 3 號線,鷹峰,매봉,Maebong,目前「鷹峰」是另一個韓文站名 응봉；中文維基與 KRIC 均為梅峰,中文改為「梅峰」,[KRIC 3 號線](https://www.data.go.kr/data/15064040/fileData.do)；[首都圈電鐵3號線](https://zh.wikipedia.org/wiki/首都圈電鐵3號線),中
408,首爾 4 號線,別內別加藍,별내별가람,ByeollaeByeolgaram,純韓文固有詞 별가람 被自行寫成『別加藍』；公開多語清單採別內星江,中文改為「別內星江」,[KRIC 4 號線](https://www.data.go.kr/data/15064041/fileData.do)；[首都圈电铁4号线](https://zh.wikipedia.org/wiki/首都圈电铁4号线),中
436,首爾 4 號線,賽馬公園,경마공원,Gyeongmagongwon,目前『賽馬公園』缺少官方中文識別詞；英文也應採 Seoul Racecourse Park；英文欄目前是發音羅馬字或舊式寫法，與營運單位／KRIC 的官方英文主名稱不同,中文改為「首爾賽馬公園」；英文改為「Seoul Racecourse Park」；若仍要保留拼音，另增 romanized 欄位,[KRIC 4 號線](https://www.data.go.kr/data/15064041/fileData.do)；[首都圈电铁4号线](https://zh.wikipedia.org/wiki/首都圈电铁4号线)；[KRIC capital line 4](https://www.data.go.kr/data/15064041/fileData.do),中
530,首爾 5 號線,艾峴,애오개,Aeogae,固有詞 애오개 目前套用已停用舊地名漢字『艾峴』；多語表與繁中路線表採兒嶺,中文改為「兒嶺」,[KRIC 5 號線](https://www.data.go.kr/data/15064043/fileData.do)；[首尔地铁5号线](https://zh.wikipedia.org/wiki/首尔地铁5号线),中
613,首爾 6 號線,獨岩,독바위,Dokbawi,目前『獨岩』為自行意譯；多語表與繁中路線表採瓮岩,中文改為「瓮岩」,[KRIC 6 號線](https://www.data.go.kr/data/15064045/fileData.do)；[首尔地铁6号线](https://zh.wikipedia.org/wiki/首尔地铁6号线),中
632,首爾 6 號線,버티嶺,버티고개,Beotigogae,目前混用韓文＋漢字『버티嶺』，不是完整中文站名,中文改為「波堤嶺」,[KRIC 6 號線](https://www.data.go.kr/data/15064045/fileData.do)；[首尔地铁6号线](https://zh.wikipedia.org/wiki/首尔地铁6号线),中
712,首爾 7 號線,馬野,마들,Madeul,目前『馬野』與多語表、繁中路線表不一致,中文改為「馬得」,[KRIC 7 號線](https://www.data.go.kr/data/15064046/fileData.do)；[首爾地鐵7號線](https://zh.wikipedia.org/wiki/首爾地鐵7號線),中
740,首爾 7 號線,長丞,장승배기,Jangseungbaegi,目前只翻一半，漏掉固有詞 배기 的通用音譯,中文改為「長丞拜基」,[KRIC 7 號線](https://www.data.go.kr/data/15064046/fileData.do)；[首爾地鐵7號線](https://zh.wikipedia.org/wiki/首爾地鐵7號線),中
A071,機場鐵路 A'REX,靑蘿國際城,청라국제도시,Cheongna Gukje Dosi,使用異體字『靑』，應統一正體字『青』；英文欄目前是發音羅馬字或舊式寫法，與營運單位／KRIC 的官方英文主名稱不同,中文改為「青羅國際城」；英文改為「Cheongna Int'l City」；若仍要保留拼音，另增 romanized 欄位,[KRIC A'REX](https://www.data.go.kr/data/15041034/fileData.do)；[仁川國際機場鐵道](https://zh.wikipedia.org/wiki/仁川國際機場鐵道)；[KRIC AREX 2025-06-30](https://www.data.go.kr/data/15041034/fileData.do),中
K129,東海線,望洋,망양,Mangyang,目前『望洋』與 KRIC 多語資料及繁中路線表不一致,中文改為「望陽」,[KRIC 東海線](https://www.data.go.kr/data/15064706/fileData.do)；[广域电铁东海线](https://zh.wikipedia.org/wiki/广域电铁东海线),中
131,釜山 1 號線,斗室,두실,Dusil,目前『斗室』與 KRIC 多語資料及繁中路線表不一致,中文改為「斗實」,[KRIC 釜山 1 號線](https://www.data.go.kr/data/15064687/fileData.do)；[釜山都市铁道1号线](https://zh.wikipedia.org/wiki/釜山都市铁道1号线),中
100,釜山 1 號線,東梅,동매,Dongmae,目前『東梅』與繁中路線表不一致；KRIC 資料亦非目前用字,中文改為「東嵋」,[KRIC 釜山 1 號線](https://www.data.go.kr/data/15064687/fileData.do)；[釜山都市铁道1号线](https://zh.wikipedia.org/wiki/釜山都市铁道1号线),中
097,釜山 1 號線,納介,낫개,Natgae,目前『納介』與繁中路線表不一致；KRIC 資料品質不穩，需人工確認,中文改為「納溉」,[KRIC 釜山 1 號線](https://www.data.go.kr/data/15064687/fileData.do)；[釜山都市铁道1号线](https://zh.wikipedia.org/wiki/釜山都市铁道1号线),中
214,釜山 2 號線,沒谷,못골,Motgol,目前『沒谷』與多語表、繁中路線表不一致,中文改為「池谷」,[KRIC 釜山 2 號線](https://www.data.go.kr/data/15064688/fileData.do)；[釜山都市铁道2号线](https://zh.wikipedia.org/wiki/釜山都市铁道2号线),中
406,釜山 4 號線,明將,명장,Myeongjang,目前『明將』為按讀音錯配漢字；多語表與繁中路線表採鳴藏,中文改為「鳴藏」,[KRIC 釜山 4 號線](https://www.data.go.kr/data/15064700/fileData.do)；[釜山都市铁道4号线](https://zh.wikipedia.org/wiki/釜山都市铁道4号线),中
408,釜山 4 號線,金沙,금사,Geumsa,目前『金沙』與多語表、繁中路線表不一致,中文改為「錦絲」,[KRIC 釜山 4 號線](https://www.data.go.kr/data/15064700/fileData.do)；[釜山都市铁道4号线](https://zh.wikipedia.org/wiki/釜山都市铁道4号线),中
350,首爾 3 號線,可樂市場,가락시장,Garaksijang,同一實體轉乘站在不同路線的英文欄不一致；英文欄目前是發音羅馬字或舊式寫法，與營運單位／KRIC 的官方英文主名稱不同,各路線均採同一官方英文主名稱「Garak Market」；英文改為「Garak Market」；若仍要保留拼音，另增 romanized 欄位,[首爾交通公社多語站名](https://www.data.go.kr/data/15044232/fileData.do)；[Seoul Metro multilingual 2026-03-26](https://www.data.go.kr/data/15044232/fileData.do),高
817,首爾 8 號線,可樂市場,가락시장,Garak Market,同一實體轉乘站在不同路線的英文欄不一致,各路線均採同一官方英文主名稱「Garak Market」,[首爾交通公社多語站名](https://www.data.go.kr/data/15044232/fileData.do),高
746,首爾 7 號線,加山數碼園區,가산디지털단지,Gasan Digital Danji,同一實體轉乘站在不同路線的英文欄不一致；英文欄目前是發音羅馬字或舊式寫法，與營運單位／KRIC 的官方英文主名稱不同,各路線均採同一官方英文主名稱「Gasan Digital Complex」；英文改為「Gasan Digital Complex」；若仍要保留拼音，另增 romanized 欄位,[首爾交通公社多語站名](https://www.data.go.kr/data/15044232/fileData.do)；[Seoul Metro multilingual 2026-03-26](https://www.data.go.kr/data/15044232/fileData.do),高
P142,首爾 1 號線（京釜·長項線）,加山數碼園區,가산디지털단지,Gasan Digital Complex,同一實體轉乘站在不同路線的英文欄不一致,各路線均採同一官方英文主名稱「請依營運單位定稿」,[首爾交通公社多語站名](https://www.data.go.kr/data/15044232/fileData.do),高
936,首爾 9 號線,奧林匹克公園,올림픽공원,Ollimpik Gongwon,同一實體轉乘站在不同路線的英文欄不一致；英文欄目前是發音羅馬字或舊式寫法，與營運單位／KRIC 的官方英文主名稱不同,各路線均採同一官方英文主名稱「Olympic Park(Korea National Sport University)」；英文改為「Olympic Park(Korea National Sport University)」；若仍要保留拼音，另增 romanized 欄位,[首爾交通公社多語站名](https://www.data.go.kr/data/15044232/fileData.do)；[Seoul Metro multilingual 2026-03-26](https://www.data.go.kr/data/15044232/fileData.do),高
P550,首爾 5 號線（馬川支線）,奧林匹克公園,올림픽공원,Olympic Park,同一實體轉乘站在不同路線的英文欄不一致,各路線均採同一官方英文主名稱「請依營運單位定稿」,[首爾交通公社多語站名](https://www.data.go.kr/data/15044232/fileData.do),高
132,首爾 1 號線,市廳,시청,Sicheong,英文欄目前是發音羅馬字或舊式寫法，與營運單位／KRIC 的官方英文主名稱不同,英文改為「City Hall」；若仍要保留拼音，另增 romanized 欄位,[Seoul Metro multilingual 2026-03-26](https://www.data.go.kr/data/15044232/fileData.do),高
133,首爾 1 號線,首爾站,서울역,Seoullyeok,英文欄目前是發音羅馬字或舊式寫法，與營運單位／KRIC 的官方英文主名稱不同,英文改為「Seoul Station」；若仍要保留拼音，另增 romanized 欄位,[Seoul Metro multilingual 2026-03-26](https://www.data.go.kr/data/15044232/fileData.do),高
201,首爾 2 號線,市廳,시청,Sicheong,英文欄目前是發音羅馬字或舊式寫法，與營運單位／KRIC 的官方英文主名稱不同,英文改為「City Hall」；若仍要保留拼音，另增 romanized 欄位,[Seoul Metro multilingual 2026-03-26](https://www.data.go.kr/data/15044232/fileData.do),高
202,首爾 2 號線,乙支路入口,을지로입구,Euljiroipgu,英文欄目前是發音羅馬字或舊式寫法，與營運單位／KRIC 的官方英文主名稱不同,英文改為「Euljiro 1(il)ga」；若仍要保留拼音，另增 romanized 欄位,[Seoul Metro multilingual 2026-03-26](https://www.data.go.kr/data/15044232/fileData.do),高
205,首爾 2 號線,東大門歷史文化公園,동대문역사문화공원,Dongdaemun Yeoksa Munhwa Gongwon,英文欄目前是發音羅馬字或舊式寫法，與營運單位／KRIC 的官方英文主名稱不同,英文改為「Dongdaemun History & Culture Park(DDP)」；若仍要保留拼音，另增 romanized 欄位,[Seoul Metro multilingual 2026-03-26](https://www.data.go.kr/data/15044232/fileData.do),高
218,首爾 2 號線,綜合運動場,종합운동장,Jonghap Undongjang,英文欄目前是發音羅馬字或舊式寫法，與營運單位／KRIC 的官方英文主名稱不同,英文改為「Sports Complex」；若仍要保留拼音，另增 romanized 欄位,[Seoul Metro multilingual 2026-03-26](https://www.data.go.kr/data/15044232/fileData.do),高
232,首爾 2 號線,九老數碼園區,구로디지털단지,Guro Digital Danji,英文欄目前是發音羅馬字或舊式寫法，與營運單位／KRIC 的官方英文主名稱不同,英文改為「Guro Digital Complex」；若仍要保留拼音，另增 romanized 欄位,[Seoul Metro multilingual 2026-03-26](https://www.data.go.kr/data/15044232/fileData.do),高
236,首爾 2 號線,永登浦區廳,영등포구청,Yeongdeungpo Gucheong,英文欄目前是發音羅馬字或舊式寫法，與營運單位／KRIC 的官方英文主名稱不同,英文改為「Yeongdeungpogu Office」；若仍要保留拼音，另增 romanized 欄位,[Seoul Metro multilingual 2026-03-26](https://www.data.go.kr/data/15044232/fileData.do),高
339,首爾 3 號線,高速巴士客運站,고속터미널,Gosok Teomineol,英文欄目前是發音羅馬字或舊式寫法，與營運單位／KRIC 的官方英文主名稱不同,英文改為「Express Bus Terminal」；若仍要保留拼音，另增 romanized 欄位,[Seoul Metro multilingual 2026-03-26](https://www.data.go.kr/data/15044232/fileData.do),高
341,首爾 3 號線,南部巴士客運站,남부터미널,Nambu Teomineol,英文欄目前是發音羅馬字或舊式寫法，與營運單位／KRIC 的官方英文主名稱不同,英文改為「Nambu Bus Terminal (Seoul Arts Center)」；若仍要保留拼音，另增 romanized 欄位,[Seoul Metro multilingual 2026-03-26](https://www.data.go.kr/data/15044232/fileData.do),高
351,首爾 3 號線,警察醫院,경찰병원,Gyeongchal Byeongwon,英文欄目前是發音羅馬字或舊式寫法，與營運單位／KRIC 的官方英文主名稱不同,英文改為「National Police Hospital」；若仍要保留拼音，另增 romanized 欄位,[Seoul Metro multilingual 2026-03-26](https://www.data.go.kr/data/15044232/fileData.do),高
422,首爾 4 號線,東大門歷史文化公園,동대문역사문화공원,Dongdaemun Yeoksa Munhwa Gongwon,英文欄目前是發音羅馬字或舊式寫法，與營運單位／KRIC 的官方英文主名稱不同,英文改為「Dongdaemun History & Culture Park(DDP)」；若仍要保留拼音，另增 romanized 欄位,[Seoul Metro multilingual 2026-03-26](https://www.data.go.kr/data/15044232/fileData.do),高
426,首爾 4 號線,首爾站,서울역,Seoullyeok,英文欄目前是發音羅馬字或舊式寫法，與營運單位／KRIC 的官方英文主名稱不同,英文改為「Seoul Station」；若仍要保留拼音，另增 romanized 欄位,[Seoul Metro multilingual 2026-03-26](https://www.data.go.kr/data/15044232/fileData.do),高
437,首爾 4 號線,大公園,대공원,Daegongwon,英文欄目前是發音羅馬字或舊式寫法，與營運單位／KRIC 的官方英文主名稱不同,英文改為「Seoul Grand Park Station」；若仍要保留拼音，另增 romanized 欄位,[KRIC capital line 4](https://www.data.go.kr/data/15064041/fileData.do),高
439,首爾 4 號線,政府果川廳舍,정부과천청사,Jeongbu Gwacheon Cheongsa,英文欄目前是發音羅馬字或舊式寫法，與營運單位／KRIC 的官方英文主名稱不同,英文改為「Government Complex Gwacheon」；若仍要保留拼音，另增 romanized 欄位,[KRIC capital line 4](https://www.data.go.kr/data/15064041/fileData.do),高
512,首爾 5 號線,金浦機場,김포공항,Gimpogonghang,英文欄目前是發音羅馬字或舊式寫法，與營運單位／KRIC 的官方英文主名稱不同,英文改為「Gimpo Int'l Airport」；若仍要保留拼音，另增 romanized 欄位,[Seoul Metro multilingual 2026-03-26](https://www.data.go.kr/data/15044232/fileData.do),高
523,首爾 5 號線,永登浦區廳,영등포구청,Yeongdeungpo Gucheong,英文欄目前是發音羅馬字或舊式寫法，與營運單位／KRIC 的官方英文主名稱不同,英文改為「Yeongdeungpogu Office」；若仍要保留拼音，另增 romanized 欄位,[Seoul Metro multilingual 2026-03-26](https://www.data.go.kr/data/15044232/fileData.do),高
524,首爾 5 號線,永登浦市場,영등포시장,Yeongdeungpo Sijang,英文欄目前是發音羅馬字或舊式寫法，與營運單位／KRIC 的官方英文主名稱不同,英文改為「Yeongdeungpo Market」；若仍要保留拼音，另增 romanized 欄位,[Seoul Metro multilingual 2026-03-26](https://www.data.go.kr/data/15044232/fileData.do),高
536,首爾 5 號線,東大門歷史文化公園,동대문역사문화공원,Dongdaemun Yeoksa Munhwa Gongwon,英文欄目前是發音羅馬字或舊式寫法，與營運單位／KRIC 的官方英文主名稱不同,英文改為「Dongdaemun History & Culture Park(DDP)」；若仍要保留拼音，另增 romanized 欄位,[Seoul Metro multilingual 2026-03-26](https://www.data.go.kr/data/15044232/fileData.do),高
619,首爾 6 號線,世界盃體育場,월드컵경기장,World Cup Gyeonggijang,英文欄目前是發音羅馬字或舊式寫法，與營運單位／KRIC 的官方英文主名稱不同,英文改為「World Cup Stadium(Seongsan)」；若仍要保留拼音，另增 romanized 欄位,[Seoul Metro multilingual 2026-03-26](https://www.data.go.kr/data/15044232/fileData.do),高
620,首爾 6 號線,麻浦區廳,마포구청,Mapogucheong,英文欄目前是發音羅馬字或舊式寫法，與營運單位／KRIC 的官方英文主名稱不同,英文改為「Mapogu Office」；若仍要保留拼音，另增 romanized 欄位,[Seoul Metro multilingual 2026-03-26](https://www.data.go.kr/data/15044232/fileData.do),高
645,首爾 6 號線,泰陵入口,태릉입구,Taereungipgu,英文欄目前是發音羅馬字或舊式寫法，與營運單位／KRIC 的官方英文主名稱不同,英文改為「Taereung」；若仍要保留拼音，另增 romanized 欄位,[Seoul Metro multilingual 2026-03-26](https://www.data.go.kr/data/15044232/fileData.do),高
717,首爾 7 號線,泰陵入口,태릉입구,Taereungipgu,英文欄目前是發音羅馬字或舊式寫法，與營運單位／KRIC 的官方英文主名稱不同,英文改為「Taereung」；若仍要保留拼音，另增 romanized 欄位,[Seoul Metro multilingual 2026-03-26](https://www.data.go.kr/data/15044232/fileData.do),高
726,首爾 7 號線,兒童大公園,어린이대공원,Eorini Daegongwon,英文欄目前是發音羅馬字或舊式寫法，與營運單位／KRIC 的官方英文主名稱不同,英文改為「Children's Grand Park(Sejong Univ.)」；若仍要保留拼音，另增 romanized 欄位,[Seoul Metro multilingual 2026-03-26](https://www.data.go.kr/data/15044232/fileData.do),高
730,首爾 7 號線,江南區廳,강남구청,Gangnamgucheong,英文欄目前是發音羅馬字或舊式寫法，與營運單位／KRIC 的官方英文主名稱不同,英文改為「Gangnamgu Office」；若仍要保留拼音，另增 romanized 欄位,[Seoul Metro multilingual 2026-03-26](https://www.data.go.kr/data/15044232/fileData.do),高
734,首爾 7 號線,高速巴士客運站,고속터미널,Gosok Teomineol,英文欄目前是發音羅馬字或舊式寫法，與營運單位／KRIC 的官方英文主名稱不同,英文改為「Express Bus Terminal」；若仍要保留拼音，另增 romanized 欄位,[Seoul Metro multilingual 2026-03-26](https://www.data.go.kr/data/15044232/fileData.do),高
752,首爾 7 號線,富川綜合運動場,부천종합운동장,Bucheon Jonghap Undongjang,英文欄目前是發音羅馬字或舊式寫法，與營運單位／KRIC 的官方英文主名稱不同,英文改為「Bucheon Stadium」；若仍要保留拼音，另增 romanized 欄位,[KRIC capital line 7](https://www.data.go.kr/data/15064046/fileData.do),高
755,首爾 7 號線,富川市廳,부천시청,Bucheonsicheong,英文欄目前是發音羅馬字或舊式寫法，與營運單位／KRIC 的官方英文主名稱不同,英文改為「Bucheon City Hall」；若仍要保留拼音，另增 romanized 欄位,[KRIC capital line 7](https://www.data.go.kr/data/15064046/fileData.do),高
761,首爾 7 號線,石南,석남,Seongnam,英文欄目前是發音羅馬字或舊式寫法，與營運單位／KRIC 的官方英文主名稱不同,"英文改為「Seongnam_x000D_
(Geobuk Market)」；若仍要保留拼音，另增 romanized 欄位",[KRIC capital line 7](https://www.data.go.kr/data/15064046/fileData.do),高
823,首爾 8 號線,南漢山城入口,남한산성입구,Namhansanseong Ipgu,英文欄目前是發音羅馬字或舊式寫法，與營運單位／KRIC 的官方英文主名稱不同,英文改為「Namhansanseong(Seongnam Court & Prosecutors' Office)」；若仍要保留拼音，另增 romanized 欄位,[Seoul Metro multilingual 2026-03-26](https://www.data.go.kr/data/15044232/fileData.do),高
902,首爾 9 號線,金浦機場,김포공항,Gimpogonghang,英文欄目前是發音羅馬字或舊式寫法，與營運單位／KRIC 的官方英文主名稱不同,英文改為「Gimpo Int'l Airport」；若仍要保留拼音，另增 romanized 欄位,KRIC capital line 9,高
903,首爾 9 號線,機場市場,공항시장,Gonghangsijang,英文欄目前是發音羅馬字或舊式寫法，與營運單位／KRIC 的官方英文主名稱不同,英文改為「Airport Market」；若仍要保留拼音，另增 romanized 欄位,KRIC capital line 9,高
914,首爾 9 號線,國會議事堂,국회의사당,Gukhoeuisadang,英文欄目前是發音羅馬字或舊式寫法，與營運單位／KRIC 的官方英文主名稱不同,英文改為「National Assembly」；若仍要保留拼音，另增 romanized 欄位,KRIC capital line 9,高
923,首爾 9 號線,高速巴士客運站,고속터미널,Gosok Teomineol,英文欄目前是發音羅馬字或舊式寫法，與營運單位／KRIC 的官方英文主名稱不同,英文改為「Express Bus Terminal」；若仍要保留拼音，另增 romanized 欄位,KRIC capital line 9,高
930,首爾 9 號線,綜合運動場,종합운동장,Jonghap Undongjang,英文欄目前是發音羅馬字或舊式寫法，與營運單位／KRIC 的官方英文主名稱不同,英文改為「Sports Complex」；若仍要保留拼音，另增 romanized 欄位,[Seoul Metro multilingual 2026-03-26](https://www.data.go.kr/data/15044232/fileData.do),高
938,首爾 9 號線,中央報勳醫院,중앙보훈병원,Jungang Bohun Byeongwon,英文欄目前是發音羅馬字或舊式寫法，與營運單位／KRIC 的官方英文主名稱不同,英文改為「VHS Medical Center」；若仍要保留拼音，另增 romanized 欄位,[Seoul Metro multilingual 2026-03-26](https://www.data.go.kr/data/15044232/fileData.do),高
A01,機場鐵路 A'REX,首爾站,서울역,Seoullyeok,英文欄目前是發音羅馬字或舊式寫法，與營運單位／KRIC 的官方英文主名稱不同,英文改為「Seoul Station」；若仍要保留拼音，另增 romanized 欄位,[KRIC AREX 2025-06-30](https://www.data.go.kr/data/15041034/fileData.do),高
A05,機場鐵路 A'REX,金浦機場,김포공항,Gimpogonghang,英文欄目前是發音羅馬字或舊式寫法，與營運單位／KRIC 的官方英文主名稱不同,英文改為「Gimpo Int'l Airport」；若仍要保留拼音，另增 romanized 欄位,[KRIC AREX 2025-06-30](https://www.data.go.kr/data/15041034/fileData.do),高
A09,機場鐵路 A'REX,機場貨運辦公樓,공항화물청사,Gonghang Hwamul Cheongsa,英文欄目前是發音羅馬字或舊式寫法，與營運單位／KRIC 的官方英文主名稱不同,英文改為「Incheon Int'l Airport Cargo Terminal」；若仍要保留拼音，另增 romanized 欄位,[KRIC AREX 2025-06-30](https://www.data.go.kr/data/15041034/fileData.do),高
A10,機場鐵路 A'REX,仁川機場1號航廈,인천공항1터미널,Incheon Gonghang 1 Terminal,英文欄目前是發音羅馬字或舊式寫法，與營運單位／KRIC 的官方英文主名稱不同,英文改為「Incheon Int'l Airport Terminal 1」；若仍要保留拼音，另增 romanized 欄位,[KRIC AREX 2025-06-30](https://www.data.go.kr/data/15041034/fileData.do),高
A11,機場鐵路 A'REX,仁川機場2號航廈,인천공항2터미널,Incheon Gonghang 2 Terminal,英文欄目前是發音羅馬字或舊式寫法，與營運單位／KRIC 的官方英文主名稱不同,英文改為「Incheon Int'l Airport Terminal 2」；若仍要保留拼音，另增 romanized 欄位,[KRIC AREX 2025-06-30](https://www.data.go.kr/data/15041034/fileData.do),高
D15,新盆唐線,水枝區廳,수지구청,Suji-gu Office,英文欄目前是發音羅馬字或舊式寫法，與營運單位／KRIC 的官方英文主名稱不同,英文改為「Suji-gu offic  Station」；若仍要保留拼音，另增 romanized 欄位,KRIC Shinbundang 2025-06-30,高
S111,牛耳新設線,松林公園,솔밭공원,Solbatgongwon,英文欄目前是發音羅馬字或舊式寫法，與營運單位／KRIC 的官方英文主名稱不同,英文改為「Solbat Park」；若仍要保留拼音，另增 romanized 欄位,[KRIC Ui-Sinseol 2025-06-30](https://www.data.go.kr/data/15041029/fileData.do),高
S118,牛耳新設線,北漢山輔國門,북한산보국문,Bukhansan Bogungmun,英文欄目前是發音羅馬字或舊式寫法，與營運單位／KRIC 的官方英文主名稱不同,"英文改為「Bukhansan Bogungmun_x000D_
(Seokyeong Univ.)」；若仍要保留拼音，另增 romanized 欄位",[KRIC Ui-Sinseol 2025-06-30](https://www.data.go.kr/data/15041029/fileData.do),高
S119,牛耳新設線,貞陵,정릉,Jeongneung,英文欄目前是發音羅馬字或舊式寫法，與營運單位／KRIC 的官方英文主名稱不同,"英文改為「Jeongneung_x000D_
(Kookmin Univ.)」；若仍要保留拼音，另增 romanized 欄位",[KRIC Ui-Sinseol 2025-06-30](https://www.data.go.kr/data/15041029/fileData.do),高
P163,首爾 1 號線（京釜·長項線）,西井里,서정리,Seojeongni,英文欄目前是發音羅馬字或舊式寫法，與營運單位／KRIC 的官方英文主名稱不同,英文改為「Seojeong-re Station」；若仍要保留拼音，另增 romanized 欄位,[KRIC capital line 1](https://www.data.go.kr/data/15064037/fileData.do),高
P171,首爾 1 號線（京釜·長項線）,雙龍,쌍용,Ssangyong,英文欄目前是發音羅馬字或舊式寫法，與營運單位／KRIC 的官方英文主名稱不同,"英文改為「Ssangyong_x000D_
(Korea Nazarene Univ.)」；若仍要保留拼音，另增 romanized 欄位",[KRIC capital line 1](https://www.data.go.kr/data/15064037/fileData.do),高
234-2,首爾 2 號線（新亭支線）,陽川區廳,양천구청,Yangcheongucheong,英文欄目前是發音羅馬字或舊式寫法，與營運單位／KRIC 的官方英文主名稱不同,英文改為「Yangcheon-gu Office」；若仍要保留拼音，另增 romanized 欄位,KRIC capital line 2,高
129,首爾 1 號線,鐘路5街,종로5가,Jongno 5-ga,目前中文與繁中維基路線表不同；尚無足夠一手繁中標準可直接判定哪一個必然正確,繁中維基使用「鐘路五街」；建議依漢字語源／營運單位多語表人工定稿，不自動覆寫,[首都圈電鐵1號線](https://zh.wikipedia.org/wiki/首都圈電鐵1號線),中
130,首爾 1 號線,鐘路3街,종로3가,Jongno 3-ga,目前中文與繁中維基路線表不同；尚無足夠一手繁中標準可直接判定哪一個必然正確,繁中維基使用「鐘路三街」；建議依漢字語源／營運單位多語表人工定稿，不自動覆寫,[首都圈電鐵1號線](https://zh.wikipedia.org/wiki/首都圈電鐵1號線),中
203,首爾 2 號線,乙支路3街,을지로3가,Euljiro 3-ga,目前中文與繁中維基路線表不同；尚無足夠一手繁中標準可直接判定哪一個必然正確,繁中維基使用「乙支路三街」；建議依漢字語源／營運單位多語表人工定稿，不自動覆寫,[首爾地鐵2號線](https://zh.wikipedia.org/wiki/首爾地鐵2號線),中
204,首爾 2 號線,乙支路4街,을지로4가,Euljiro 4-ga,目前中文與繁中維基路線表不同；尚無足夠一手繁中標準可直接判定哪一個必然正確,繁中維基使用「乙支路四街」；建議依漢字語源／營運單位多語表人工定稿，不自動覆寫,[首爾地鐵2號線](https://zh.wikipedia.org/wiki/首爾地鐵2號線),中
329,首爾 3 號線,鐘路3街,종로3가,Jongno 3-ga,目前中文與繁中維基路線表不同；尚無足夠一手繁中標準可直接判定哪一個必然正確,繁中維基使用「鐘路三街」；建議依漢字語源／營運單位多語表人工定稿，不自動覆寫,[首都圈電鐵3號線](https://zh.wikipedia.org/wiki/首都圈電鐵3號線),中
330,首爾 3 號線,乙支路3街,을지로3가,Euljiro 3-ga,目前中文與繁中維基路線表不同；尚無足夠一手繁中標準可直接判定哪一個必然正確,繁中維基使用「乙支路三街」；建議依漢字語源／營運單位多語表人工定稿，不自動覆寫,[首都圈電鐵3號線](https://zh.wikipedia.org/wiki/首都圈電鐵3號線),中
442,首爾 4 號線,範溪,범계,Beomgye,目前中文與繁中維基路線表不同；尚無足夠一手繁中標準可直接判定哪一個必然正確,繁中維基使用「凡溪」；建議依漢字語源／營運單位多語表人工定稿，不自動覆寫,[首都圈电铁4号线](https://zh.wikipedia.org/wiki/首都圈电铁4号线),中
534,首爾 5 號線,鐘路3街,종로3가,Jongno 3-ga,目前中文與繁中維基路線表不同；尚無足夠一手繁中標準可直接判定哪一個必然正確,繁中維基使用「鐘路三街」；建議依漢字語源／營運單位多語表人工定稿，不自動覆寫,[首尔地铁5号线](https://zh.wikipedia.org/wiki/首尔地铁5号线),中
535,首爾 5 號線,乙支路4街,을지로4가,Euljiro 4-ga,目前中文與繁中維基路線表不同；尚無足夠一手繁中標準可直接判定哪一個必然正確,繁中維基使用「乙支路四街」；建議依漢字語源／營運單位多語表人工定稿，不自動覆寫,[首尔地铁5号线](https://zh.wikipedia.org/wiki/首尔地铁5号线),中
537,首爾 5 號線,靑丘,청구,Cheonggu,目前中文與繁中維基路線表不同；尚無足夠一手繁中標準可直接判定哪一個必然正確,繁中維基使用「青丘」；建議依漢字語源／營運單位多語表人工定稿，不自動覆寫,[首尔地铁5号线](https://zh.wikipedia.org/wiki/首尔地铁5号线),中
616,首爾 6 號線,新寺,새절,Saejeol,目前中文與繁中維基路線表不同；尚無足夠一手繁中標準可直接判定哪一個必然正確,繁中維基使用「賽折」；建議依漢字語源／營運單位多語表人工定稿，不自動覆寫,[首尔地铁6号线](https://zh.wikipedia.org/wiki/首尔地铁6号线),中
631,首爾 6 號線,漢江鎭,한강진,Hangangjin,目前中文與繁中維基路線表不同；尚無足夠一手繁中標準可直接判定哪一個必然正確,繁中維基使用「漢江鎮」；建議依漢字語源／營運單位多語表人工定稿，不自動覆寫,[首尔地铁6号线](https://zh.wikipedia.org/wiki/首尔地铁6号线),中
634,首爾 6 號線,靑丘,청구,Cheonggu,目前中文與繁中維基路線表不同；尚無足夠一手繁中標準可直接判定哪一個必然正確,繁中維基使用「青丘」；建議依漢字語源／營運單位多語表人工定稿，不自動覆寫,[首尔地铁6号线](https://zh.wikipedia.org/wiki/首尔地铁6号线),中
729,首爾 7 號線,淸潭,청담,Cheongdam,目前中文與繁中維基路線表不同；尚無足夠一手繁中標準可直接判定哪一個必然正確,繁中維基使用「清潭」；建議依漢字語源／營運單位多語表人工定稿，不自動覆寫,[首爾地鐵7號線](https://zh.wikipedia.org/wiki/首爾地鐵7號線),中
741,首爾 7 號線,新大方三岔路口,신대방삼거리,Sindaebangsamgeori,目前中文與繁中維基路線表不同；尚無足夠一手繁中標準可直接判定哪一個必然正確,繁中維基使用「新大方丁字路口」；建議依漢字語源／營運單位多語表人工定稿，不自動覆寫,[首爾地鐵7號線](https://zh.wikipedia.org/wiki/首爾地鐵7號線),中
751,首爾 7 號線,喜鵲村,까치울,Kkachiul,目前中文與繁中維基路線表不同；尚無足夠一手繁中標準可直接判定哪一個必然正確,繁中維基使用「喜鵲屋」；建議依漢字語源／營運單位多語表人工定稿，不自動覆寫,[首爾地鐵7號線](https://zh.wikipedia.org/wiki/首爾地鐵7號線),中
824,首爾 8 號線,丹垈五岔路口,단대오거리,Dandaeogeori,目前中文與繁中維基路線表不同；尚無足夠一手繁中標準可直接判定哪一個必然正確,繁中維基使用「丹岱五岔路口」；建議依漢字語源／營運單位多語表人工定稿，不自動覆寫,[首都圈電鐵8號線](https://zh.wikipedia.org/wiki/首都圈電鐵8號線),中
908,首爾 9 號線,拯米,증미,Jeungmi,目前中文與繁中維基路線表不同；尚無足夠一手繁中標準可直接判定哪一個必然正確,繁中維基使用「曾米」；建議依漢字語源／營運單位多語表人工定稿，不自動覆寫,[首爾地鐵9號線](https://zh.wikipedia.org/wiki/首爾地鐵9號線),中
916,首爾 9 號線,細江,샛강,Saetgang,目前中文與繁中維基路線表不同；尚無足夠一手繁中標準可直接判定哪一個必然正確,繁中維基使用「赛江」；建議依漢字語源／營運單位多語表人工定稿，不自動覆寫,[首爾地鐵9號線](https://zh.wikipedia.org/wiki/首爾地鐵9號線),中
924,首爾 9 號線,沙平,사평,Sapyeong,目前中文與繁中維基路線表不同；尚無足夠一手繁中標準可直接判定哪一個必然正確,繁中維基使用「砂平」；建議依漢字語源／營運單位多語表人工定稿，不自動覆寫,[首爾地鐵9號線](https://zh.wikipedia.org/wiki/首爾地鐵9號線),中
D10,新盆唐線,清溪山入口,청계산입구,Cheonggyesan,目前中文與繁中維基路線表不同；尚無足夠一手繁中標準可直接判定哪一個必然正確,繁中維基使用「清溪山」；建議依漢字語源／營運單位多語表人工定稿，不自動覆寫,[新盆唐線](https://zh.wikipedia.org/wiki/新盆唐線),中
P157,首爾 1 號線（京釜·長項線）,餠店,병점,Byeongjeom,目前中文與繁中維基路線表不同；尚無足夠一手繁中標準可直接判定哪一個必然正確,繁中維基使用「餅店」；建議依漢字語源／營運單位多語表人工定稿，不自動覆寫,[首都圈電鐵1號線](https://zh.wikipedia.org/wiki/首都圈電鐵1號線),中
P157,首爾 1 號線（西東灘支線）,餠店,병점,Byeongjeom,目前中文與繁中維基路線表不同；尚無足夠一手繁中標準可直接判定哪一個必然正確,繁中維基使用「餅店」；建議依漢字語源／營運單位多語表人工定稿，不自動覆寫,[首都圈電鐵1號線](https://zh.wikipedia.org/wiki/首都圈電鐵1號線),中
241,釜山 2 號線,釜山大學梁山校區,부산대양산캠퍼스,Pusan Nat’l Univ. Yangsan Campus,目前中文與繁中維基路線表不同；尚無足夠一手繁中標準可直接判定哪一個必然正確,繁中維基使用「釜山大學梁山分校」；建議依漢字語源／營運單位多語表人工定稿，不自動覆寫,[釜山都市铁道2号线](https://zh.wikipedia.org/wiki/釜山都市铁道2号线),中
206,釜山 2 號線,新世界Centum City,센텀시티,Centum City,目前中文與繁中維基路線表不同；尚無足夠一手繁中標準可直接判定哪一個必然正確,繁中維基使用「Centum City」；建議依漢字語源／營運單位多語表人工定稿，不自動覆寫,[釜山都市铁道2号线](https://zh.wikipedia.org/wiki/釜山都市铁道2号线),中
409,釜山 4 號線,盤如農產物市場,반여농산물시장,Banyeo Agricultural Market,目前中文與繁中維基路線表不同；尚無足夠一手繁中標準可直接判定哪一個必然正確,繁中維基使用「盤如農產品市場」；建議依漢字語源／營運單位多語表人工定稿，不自動覆寫,[釜山都市铁道4号线](https://zh.wikipedia.org/wiki/釜山都市铁道4号线),中
K111,東海線,巨堤日出,거제해맞이,Geojehaemaji,目前中文與繁中維基路線表不同；尚無足夠一手繁中標準可直接判定哪一個必然正確,繁中維基使用「巨堤迎日」；建議依漢字語源／營運單位多語表人工定稿，不自動覆寫,[广域电铁东海线](https://zh.wikipedia.org/wiki/广域电铁东海线),中
K122,東海線,奧西里亞,오시리아,OSIRIA,目前中文與繁中維基路線表不同；尚無足夠一手繁中標準可直接判定哪一個必然正確,繁中維基使用「東釜山旅遊區」；建議依漢字語源／營運單位多語表人工定稿，不自動覆寫,[广域电铁东海线](https://zh.wikipedia.org/wiki/广域电铁东海线),中
