city,lineId,lineZh,stationCode,ko,zh,en,lat,lng,stationKey
"seoul","1","1號線","100-3","연천","漣川","Yeoncheon","38.10167","127.07389","연천"
"seoul","1","1號線","100-2","전곡","全谷","Jeongok","38.0245","127.0713","전곡"
"seoul","1","1號線","100-1","청산","青山","Cheongsan","37.99528","127.07444","청산"
"seoul","1","1號線","100","소요산","逍遙山","Soyosan","37.9488","127.0611","소요산"
"seoul","1","1號線","101","동두천","東豆川","Dongducheon","37.9275","127.0548","동두천"
"seoul","1","1號線","102","보산","保山","Bosan","37.9143","127.0571","보산"
"seoul","1","1號線","103","동두천중앙","東豆川中央","Dongducheon Jungang","37.9018","127.0565","동두천중앙"
"seoul","1","1號線","104","지행","紙杏","Jihaeng","37.8924","127.0558","지행"
"seoul","1","1號線","105","덕정","德亭","Deokjeong","37.8432","127.0615","덕정"
"seoul","1","1號線","106","덕계","德溪","Deokgye","37.8187","127.0568","덕계"
"seoul","1","1號線","107","양주","楊州","Yangju","37.7743","127.0448","양주"
"seoul","1","1號線","108","녹양","綠楊","Nogyang","37.7594","127.0423","녹양"
"seoul","1","1號線","109","가능","可能","Ganeung","37.7486","127.0442","가능"
"seoul","1","1號線","110","의정부","議政府","Uijeongbu","37.7384","127.0457","의정부"
"seoul","1","1號線","111","회룡","回龍","Hoeryong","37.7246","127.0467","회룡"
"seoul","1","1號線","112","망월사","望月寺","Mangwolsa","37.70991","127.04745","망월사"
"seoul","1","1號線","113","도봉산","道峰山","Dobongsan","37.68931","127.04622","도봉산"
"seoul","1","1號線","114","도봉","道峰","Dobong","37.67956","127.0456","도봉"
"seoul","1","1號線","115","방학","放鶴","Banghak","37.6675","127.04427","방학"
"seoul","1","1號線","116","창동","倉洞","Changdong","37.65317","127.04773","창동"
"seoul","1","1號線","117","녹천","鹿川","Nokcheon","37.6448","127.05127","녹천"
"seoul","1","1號線","118","월계","月溪","Wolgye","37.63321","127.05883","월계"
"seoul","1","1號線","119","광운대","光雲大","Gwangundae","37.62363","127.06184","광운대"
"seoul","1","1號線","120","석계","石溪","Seokgye","37.6148","127.06585","석계"
"seoul","1","1號線","121","신이문","新里門","Sinimun","37.60185","127.06732","신이문"
"seoul","1","1號線","122","외대앞","外大前","Oedaeap","37.59607","127.06355","외대앞"
"seoul","1","1號線","123","회기","回基","Hoegi","37.58946","127.05758","회기"
"seoul","1","1號線","124","청량리","淸涼里","Cheongnyangni","37.58018","127.04684","청량리"
"seoul","1","1號線","125","제기동","祭基洞","Jegidong","37.5781","127.03489","제기동"
"seoul","1","1號線","126","신설동","新設洞","Sinseoldong","37.5753","127.02509","신설동"
"seoul","1","1號線","127","동묘앞","東廟前","Dongmyoap","37.57263","127.01643","동묘앞"
"seoul","1","1號線","128","동대문","東大門","Dongdaemun","37.57142","127.00974","동대문"
"seoul","1","1號線","129","종로5가","鐘路5街","Jongno 5-ga","37.57093","127.00185","종로5가"
"seoul","1","1號線","130","종로3가","鐘路3街","Jongno 3-ga","37.57161","126.99181","종로3가"
"seoul","1","1號線","131","종각","鐘閣","Jonggak","37.57016","126.98292","종각"
"seoul","1","1號線","132","시청","市廳","Sicheong","37.56472","126.97711","시청"
"seoul","1","1號線","133","서울역","首爾站","Seoullyeok","37.55465","126.97256","서울역"
"seoul","1","1號線","134","남영","南營","Namyeong","37.54102","126.9713","남영"
"seoul","1","1號線","135","용산","龍山","Yongsan","37.52985","126.96456","용산"
"seoul","1","1號線","136","노량진","鷺梁津","Noryangjin","37.51422","126.94245","노량진"
"seoul","1","1號線","137","대방","大方","Daebang","37.51334","126.92638","대방"
"seoul","1","1號線","138","신길","新吉","Singil","37.51712","126.91717","신길"
"seoul","1","1號線","139","영등포","永登浦","Yeongdeungpo","37.5155","126.90763","영등포"
"seoul","1","1號線","140","신도림","新道林","Sindorim","37.50872","126.89129","신도림"
"seoul","1","1號線","141","구로","九老","Guro","37.50304","126.88197","구로"
"seoul","1","1號線","142","구일","九一","Guil","37.49676","126.87079","구일"
"seoul","1","1號線","143","개봉","開峰","Gaebong","37.49459","126.85868","개봉"
"seoul","1","1號線","144","오류동","梧柳洞","Oryudong","37.49453","126.84537","오류동"
"seoul","1","1號線","145","온수","溫水","Onsu","37.49226","126.82339","온수"
"seoul","1","1號線","146","역곡","驛谷","Yeokgok","37.48518","126.8115","역곡"
"seoul","1","1號線","147","소사","素砂","Sosa","37.48275","126.79544","소사"
"seoul","1","1號線","148","부천","富川","Bucheon","37.48405","126.78269","부천"
"seoul","1","1號線","149","중동","中洞","Jungdong","37.48656","126.76484","중동"
"seoul","1","1號線","150","송내","松內","Songnae","37.4876","126.75366","송내"
"seoul","1","1號線","151","부개","富開","Bugae","37.4883","126.741","부개"
"seoul","1","1號線","152","부평","富平","Bupyeong","37.4894","126.7245","부평"
"seoul","1","1號線","153","백운","白雲","Baegun","37.4835","126.7072","백운"
"seoul","1","1號線","154","동암","銅岩","Dongam","37.4714","126.7029","동암"
"seoul","1","1號線","155","간석","間石","Ganseok","37.4646","126.6947","간석"
"seoul","1","1號線","156","주안","朱安","Juan","37.4649","126.6803","주안"
"seoul","1","1號線","157","도화","道禾","Dohwa","37.4662","126.6687","도화"
"seoul","1","1號線","158","제물포","濟物浦","Jemulpo","37.4622","126.6571","제물포"
"seoul","1","1號線","159","도원","桃源","Dowon","37.4683","126.6425","도원"
"seoul","1","1號線","160","동인천","東仁川","Dongincheon","37.4753","126.632","동인천"
"seoul","1","1號線","161","인천","仁川","Incheon","37.4767","126.6169","인천"
"seoul","2","2號線","201","시청","市廳","Sicheong","37.56472","126.97711","시청"
"seoul","2","2號線","202","을지로입구","乙支路入口","Euljiroipgu","37.56601","126.98262","을지로입구"
"seoul","2","2號線","203","을지로3가","乙支路3街","Euljiro 3-ga","37.56629","126.99191","을지로3가"
"seoul","2","2號線","204","을지로4가","乙支路4街","Euljiro 4-ga","37.56694","126.99808","을지로4가"
"seoul","2","2號線","205","동대문역사문화공원","東大門歷史文化公園","Dongdaemun Yeoksa Munhwa Gongwon","37.56514","127.0079","동대문역사문화공원"
"seoul","2","2號線","206","신당","新堂","Sindang","37.56597","127.01782","신당"
"seoul","2","2號線","207","상왕십리","上往十里","Sangwangsimni","37.56435","127.02935","상왕십리"
"seoul","2","2號線","208","왕십리","往十里","Wangsimni","37.56153","127.03773","왕십리"
"seoul","2","2號線","209","한양대","漢陽大","Hanyangdae","37.55527","127.04366","한양대"
"seoul","2","2號線","210","뚝섬","纛島","Ttukseom","37.54718","127.04737","뚝섬"
"seoul","2","2號線","211","성수","聖水","Seongsu","37.54458","127.05596","성수"
"seoul","2","2號線","212","건대입구","建大入口","Geondaeipgu","37.54069","127.07023","건대입구"
"seoul","2","2號線","213","구의","九宜","Guui","37.53708","127.08592","구의"
"seoul","2","2號線","214","강변","江邊","Gangbyeon","37.53509","127.09468","강변"
"seoul","2","2號線","215","잠실나루","蠶室渡口","Jamsillaru","37.52073","127.10379","잠실나루"
"seoul","2","2號線","216","잠실","蠶室","Jamsil","37.51395","127.10223","잠실"
"seoul","2","2號線","217","잠실새내","蠶室新川","Jamsilsaenae","37.51169","127.08616","잠실새내"
"seoul","2","2號線","218","종합운동장","綜合運動場","Jonghap Undongjang","37.511","127.07364","종합운동장"
"seoul","2","2號線","219","삼성","三成","Samseong","37.50884","127.06316","삼성"
"seoul","2","2號線","220","선릉","宣陵","Seolleung","37.5045","127.04901","선릉"
"seoul","2","2號線","221","역삼","驛三","Yeoksam","37.50062","127.03646","역삼"
"seoul","2","2號線","222","강남","江南","Gangnam","37.49717","127.02793","강남"
"seoul","2","2號線","223","교대","教大","Gyodae","37.49341","127.01408","교대"
"seoul","2","2號線","224","서초","瑞草","Seocho","37.4919","127.00792","서초"
"seoul","2","2號線","225","방배","方背","Bangbae","37.48143","126.9976","방배"
"seoul","2","2號線","226","사당","舍堂","Sadang","37.47653","126.98168","사당"
"seoul","2","2號線","227","낙성대","落星垈","Nakseongdae","37.47693","126.96369","낙성대"
"seoul","2","2號線","228","서울대입구","首爾大入口","Seouldaeipgu","37.48125","126.95274","서울대입구"
"seoul","2","2號線","229","봉천","奉天","Bongcheon","37.48236","126.94189","봉천"
"seoul","2","2號線","230","신림","新林","Sillim","37.4842","126.92972","신림"
"seoul","2","2號線","231","신대방","新大方","Sindaebang","37.48746","126.91315","신대방"
"seoul","2","2號線","232","구로디지털단지","九老數碼園區","Guro Digital Danji","37.48527","126.9014","구로디지털단지"
"seoul","2","2號線","233","대림","大林","Daerim","37.49297","126.8958","대림"
"seoul","2","2號線","234","신도림","新道林","Sindorim","37.50872","126.89129","신도림"
"seoul","2","2號線","235","문래","文來","Mullae","37.51793","126.89476","문래"
"seoul","2","2號線","236","영등포구청","永登浦區廳","Yeongdeungpo Gucheong","37.52497","126.89595","영등포구청"
"seoul","2","2號線","237","당산","堂山","Dangsan","37.53438","126.90228","당산"
"seoul","2","2號線","238","합정","合井","Hapjeong","37.54946","126.91374","합정"
"seoul","2","2號線","239","홍대입구","弘大入口","Hongdaeipgu","37.55719","126.92538","홍대입구"
"seoul","2","2號線","240","신촌","新村","Sinchon","37.55513","126.93689","신촌"
"seoul","2","2號線","241","이대","梨大","Idae","37.55673","126.94601","이대"
"seoul","2","2號線","242","아현","阿峴","Ahyeon","37.55734","126.95614","아현"
"seoul","2","2號線","243","충정로","忠正路","Chungjeongno","37.55997","126.96367","충정로"
"seoul","3","3號線","309","대화","大化","Daehwa","37.6761","126.7474","대화"
"seoul","3","3號線","310","주엽","注葉","Juyeop","37.6701","126.7612","주엽"
"seoul","3","3號線","311","정발산","鼎鉢山","Jeongbalsan","37.6596","126.7733","정발산"
"seoul","3","3號線","312","마두","馬頭","Madu","37.6521","126.7777","마두"
"seoul","3","3號線","313","백석","白石","Baekseok","37.643","126.7881","백석"
"seoul","3","3號線","314","대곡","大谷","Daegok","37.6317","126.8111","대곡"
"seoul","3","3號線","315","화정","花井","Hwajeong","37.6346","126.8327","화정"
"seoul","3","3號線","316","원당","元堂","Wondang","37.6532","126.843","원당"
"seoul","3","3號線","317","원흥","元興","Wonheung","37.6507","126.8731","원흥"
"seoul","3","3號線","318","삼송","三松","Samsong","37.6532","126.8955","삼송"
"seoul","3","3號線","319","지축","紙杻","Jichuk","37.6481","126.9138","지축"
"seoul","3","3號線","320","구파발","舊把撥","Gupabal","37.63676","126.91882","구파발"
"seoul","3","3號線","321","연신내","延新川","Yeonsinnae","37.619","126.92101","연신내"
"seoul","3","3號線","322","불광","佛光","Bulgwang","37.61047","126.92989","불광"
"seoul","3","3號線","323","녹번","碌磻","Nokbeon","37.60093","126.93576","녹번"
"seoul","3","3號線","324","홍제","弘濟","Hongje","37.58907","126.94374","홍제"
"seoul","3","3號線","325","무악재","毋岳嶺","Muakjae","37.5823","126.95029","무악재"
"seoul","3","3號線","326","독립문","獨立門","Dongnimmun","37.57457","126.95775","독립문"
"seoul","3","3號線","327","경복궁","景福宮","Gyeongbokgung","37.57576","126.97353","경복궁"
"seoul","3","3號線","328","안국","安國","Anguk","37.57648","126.98544","안국"
"seoul","3","3號線","329","종로3가","鐘路3街","Jongno 3-ga","37.57161","126.99181","종로3가"
"seoul","3","3號線","330","을지로3가","乙支路3街","Euljiro 3-ga","37.56629","126.99191","을지로3가"
"seoul","3","3號線","331","충무로","忠武路","Chungmuro","37.56124","126.99428","충무로"
"seoul","3","3號線","332","동대입구","東大入口","Dongdaeipgu","37.55905","127.0056","동대입구"
"seoul","3","3號線","333","약수","藥水","Yaksu","37.55434","127.01065","약수"
"seoul","3","3號線","334","금호","金湖","Geumho","37.54803","127.01587","금호"
"seoul","3","3號線","335","옥수","玉水","Oksu","37.54069","127.01797","옥수"
"seoul","3","3號線","336","압구정","狎鷗亭","Apgujeong","37.52707","127.02846","압구정"
"seoul","3","3號線","337","신사","新沙","Sinsa","37.51633","127.02011","신사"
"seoul","3","3號線","338","잠원","蠶院","Jamwon","37.51276","127.01122","잠원"
"seoul","3","3號線","339","고속터미널","高速巴士客運站","Gosok Teomineol","37.50481","127.00494","고속터미널"
"seoul","3","3號線","340","교대","教大","Gyodae","37.49341","127.01408","교대"
"seoul","3","3號線","341","남부터미널","南部巴士客運站","Nambu Teomineol","37.48501","127.01619","남부터미널"
"seoul","3","3號線","342","양재","良才","Yangjae","37.48415","127.03463","양재"
"seoul","3","3號線","343","매봉","鷹峰","Maebong","37.48695","127.04677","매봉"
"seoul","3","3號線","344","도곡","道谷","Dogok","37.49086","127.05538","도곡"
"seoul","3","3號線","345","대치","大峙","Daechi","37.49461","127.06364","대치"
"seoul","3","3號線","346","학여울","鶴灘","Hangnyeoul","37.49666","127.07059","학여울"
"seoul","3","3號線","347","대청","大廳","Daecheong","37.49351","127.07953","대청"
"seoul","3","3號線","348","일원","逸院","Irwon","37.48368","127.08439","일원"
"seoul","3","3號線","349","수서","水西","Suseo","37.48737","127.10188","수서"
"seoul","3","3號線","350","가락시장","可樂市場","Garaksijang","37.49252","127.11823","가락시장"
"seoul","3","3號線","351","경찰병원","警察醫院","Gyeongchal Byeongwon","37.49592","127.12454","경찰병원"
"seoul","3","3號線","352","오금","梧琴","Ogeum","37.50216","127.12811","오금"
"seoul","4","4號線","405","진접","榛接","Jinjeop","37.7208","127.2031","진접"
"seoul","4","4號線","406","오남","梧南","Onam","37.7051","127.1921","오남"
"seoul","4","4號線","408","별내별가람","別內別加藍","ByeollaeByeolgaram","37.6677","127.1274","별내별가람"
"seoul","4","4號線","409","불암산","佛巖山","Buramsan","37.67027","127.07907","불암산"
"seoul","4","4號線","410","상계","上溪","Sanggye","37.66088","127.07357","상계"
"seoul","4","4號線","411","노원","蘆原","Nowon","37.65513","127.06137","노원"
"seoul","4","4號線","412","창동","倉洞","Changdong","37.65317","127.04773","창동"
"seoul","4","4號線","413","쌍문","雙門","Ssangmun","37.64863","127.03471","쌍문"
"seoul","4","4號線","414","수유","水踰","Suyu","37.63805","127.02573","수유"
"seoul","4","4號線","415","미아","彌阿","Mia","37.62667","127.02598","미아"
"seoul","4","4號線","416","미아사거리","彌阿十字路口","Miasageori","37.61329","127.03005","미아사거리"
"seoul","4","4號線","417","길음","吉音","Gireum","37.60341","127.02505","길음"
"seoul","4","4號線","418","성신여대입구","誠信女大入口","Seongsinyeodae Ipgu","37.59262","127.0164","성신여대입구"
"seoul","4","4號線","419","한성대입구","漢城大入口","Hanseongdaeipgu","37.58846","127.00622","한성대입구"
"seoul","4","4號線","420","혜화","惠化","Hyehwa","37.58234","127.00184","혜화"
"seoul","4","4號線","421","동대문","東大門","Dongdaemun","37.57142","127.00974","동대문"
"seoul","4","4號線","422","동대문역사문화공원","東大門歷史文化公園","Dongdaemun Yeoksa Munhwa Gongwon","37.56514","127.0079","동대문역사문화공원"
"seoul","4","4號線","423","충무로","忠武路","Chungmuro","37.56124","126.99428","충무로"
"seoul","4","4號線","424","명동","明洞","Myeongdong","37.56099","126.98632","명동"
"seoul","4","4號線","425","회현","會賢","Hoehyeon","37.55851","126.97825","회현"
"seoul","4","4號線","426","서울역","首爾站","Seoullyeok","37.55465","126.97256","서울역"
"seoul","4","4號線","427","숙대입구","淑大入口","Sukdaeipgu","37.54456","126.97211","숙대입구"
"seoul","4","4號線","428","삼각지","三角地","Samgakji","37.53478","126.97311","삼각지"
"seoul","4","4號線","429","신용산","新龍山","Sinyongsan","37.52917","126.96789","신용산"
"seoul","4","4號線","430","이촌","二村","Ichon","37.52227","126.97434","이촌"
"seoul","4","4號線","431","동작","銅雀","Dongjak","37.50297","126.97931","동작"
"seoul","4","4號線","432","총신대입구","總神大入口","Chongsindaeipgu","37.48626","126.98199","총신대입구"
"seoul","4","4號線","433","사당","舍堂","Sadang","37.47653","126.98168","사당"
"seoul","4","4號線","434","남태령","南泰嶺","Namtaeryeong","37.46387","126.98913","남태령"
"seoul","4","4號線","435","선바위","立岩","Seonbawi","37.45167","127.0023","선바위"
"seoul","4","4號線","436","경마공원","賽馬公園","Gyeongmagongwon","37.44389","127.00789","경마공원"
"seoul","4","4號線","437","대공원","大公園","Daegongwon","37.43568","127.00652","대공원"
"seoul","4","4號線","438","과천","果川","Gwacheon","37.43302","126.99657","과천"
"seoul","4","4號線","439","정부과천청사","政府果川廳舍","Jeongbu Gwacheon Cheongsa","37.42651","126.98978","정부과천청사"
"seoul","4","4號線","440","인덕원","仁德院","Indeogwon","37.40155","126.97671","인덕원"
"seoul","4","4號線","441","평촌","坪村","Pyeongchon","37.3943","126.9639","평촌"
"seoul","4","4號線","442","범계","範溪","Beomgye","37.3896","126.9507","범계"
"seoul","4","4號線","443","금정","衿井","Geumjeong","37.3722","126.9434","금정"
"seoul","4","4號線","444","산본","山本","Sanbon","37.3584","126.933","산본"
"seoul","4","4號線","445","수리산","修理山","Surisan","37.3506","126.925","수리산"
"seoul","4","4號線","446","대야미","大夜味","Daeyami","37.3285","126.9173","대야미"
"seoul","4","4號線","447","반월","半月","Banwol","37.3124","126.9038","반월"
"seoul","4","4號線","448","상록수","常綠樹","Sangnoksu","37.3029","126.8666","상록수"
"seoul","4","4號線","449","한대앞","漢大前","Hanyang Univ. at Ansan","37.3095","126.8539","한대앞"
"seoul","4","4號線","450","중앙","中央","Jungang","37.316","126.8385","중앙"
"seoul","4","4號線","451","고잔","古棧","Gojan","37.3168","126.8231","고잔"
"seoul","4","4號線","452","초지","草芝","Choji","37.3206","126.8061","초지"
"seoul","4","4號線","453","안산","安山","Ansan","37.327","126.7888","안산"
"seoul","4","4號線","454","신길온천","新吉溫泉","Singiloncheon","37.3375","126.7673","신길온천"
"seoul","4","4號線","455","정왕","正往","Jeongwang","37.3518","126.742","정왕"
"seoul","4","4號線","456","오이도","烏耳島","Oido","37.3624","126.7387","오이도"
"seoul","5","5號線","510","방화","傍花","Banghwa","37.57745","126.81274","방화"
"seoul","5","5號線","511","개화산","開花山","Gaehwasan","37.5724","126.80617","개화산"
"seoul","5","5號線","512","김포공항","金浦機場","Gimpogonghang","37.56243","126.80106","김포공항"
"seoul","5","5號線","513","송정","松亭","Songjeong","37.56118","126.81197","송정"
"seoul","5","5號線","514","마곡","麻谷","Magok","37.56018","126.82545","마곡"
"seoul","5","5號線","515","발산","鉢山","Balsan","37.5586","126.83767","발산"
"seoul","5","5號線","516","우장산","雨裝山","Ujangsan","37.54877","126.83632","우장산"
"seoul","5","5號線","517","화곡","禾谷","Hwagok","37.54151","126.84046","화곡"
"seoul","5","5號線","518","까치산","喜鵲山","Kkachisan","37.53177","126.84668","까치산"
"seoul","5","5號線","519","신정","新亭","Sinjeong","37.525","126.85619","신정"
"seoul","5","5號線","520","목동","木洞","Mokdong","37.52607","126.86493","목동"
"seoul","5","5號線","521","오목교","梧木橋","Omokgyo","37.5245","126.87518","오목교"
"seoul","5","5號線","522","양평","楊坪","Yangpyeong","37.52565","126.88578","양평"
"seoul","5","5號線","523","영등포구청","永登浦區廳","Yeongdeungpo Gucheong","37.52497","126.89595","영등포구청"
"seoul","5","5號線","524","영등포시장","永登浦市場","Yeongdeungpo Sijang","37.52267","126.90514","영등포시장"
"seoul","5","5號線","525","신길","新吉","Singil","37.51712","126.91717","신길"
"seoul","5","5號線","526","여의도","汝矣島","Yeouido","37.52162","126.92419","여의도"
"seoul","5","5號線","527","여의나루","汝矣渡口","Yeouinaru","37.5271","126.9329","여의나루"
"seoul","5","5號線","528","마포","麻浦","Mapo","37.53957","126.94593","마포"
"seoul","5","5號線","529","공덕","孔德","Gongdeok","37.54402","126.95159","공덕"
"seoul","5","5號線","530","애오개","艾峴","Aeogae","37.55374","126.95682","애오개"
"seoul","5","5號線","531","충정로","忠正路","Chungjeongno","37.55997","126.96367","충정로"
"seoul","5","5號線","532","서대문","西大門","Seodaemun","37.56577","126.96664","서대문"
"seoul","5","5號線","533","광화문","光化門","Gwanghwamun","37.57103","126.97667","광화문"
"seoul","5","5號線","534","종로3가","鐘路3街","Jongno 3-ga","37.57161","126.99181","종로3가"
"seoul","5","5號線","535","을지로4가","乙支路4街","Euljiro 4-ga","37.56694","126.99808","을지로4가"
"seoul","5","5號線","536","동대문역사문화공원","東大門歷史文化公園","Dongdaemun Yeoksa Munhwa Gongwon","37.56514","127.0079","동대문역사문화공원"
"seoul","5","5號線","537","청구","靑丘","Cheonggu","37.56025","127.01383","청구"
"seoul","5","5號線","538","신금호","新金湖","Singeumho","37.55455","127.02033","신금호"
"seoul","5","5號線","539","행당","杏堂","Haengdang","37.55732","127.02948","행당"
"seoul","5","5號線","540","왕십리","往十里","Wangsimni","37.56153","127.03773","왕십리"
"seoul","5","5號線","541","마장","馬場","Majang","37.5661","127.04297","마장"
"seoul","5","5號線","542","답십리","踏十里","Dapsimni","37.56675","127.0527","답십리"
"seoul","5","5號線","543","장한평","長漢坪","Janghanpyeong","37.56144","127.06462","장한평"
"seoul","5","5號線","544","군자","君子","Gunja","37.55712","127.07954","군자"
"seoul","5","5號線","545","아차산","峨嵯山","Achasan","37.55169","127.08976","아차산"
"seoul","5","5號線","546","광나루","廣渡口","Gwangnaru","37.5453","127.10357","광나루"
"seoul","5","5號線","547","천호","千戶","Cheonho","37.5384","127.12357","천호"
"seoul","5","5號線","548","강동","江東","Gangdong","37.5358","127.13248","강동"
"seoul","5","5號線","549","길동","吉洞","Gildong","37.5378","127.14","길동"
"seoul","5","5號線","550","굽은다리","曲橋","Gubeundari","37.54548","127.14285","굽은다리"
"seoul","5","5號線","551","명일","明逸","Myeongil","37.55137","127.144","명일"
"seoul","5","5號線","552","고덕","高德","Godeok","37.555","127.15415","고덕"
"seoul","5","5號線","553","상일동","上一洞","Sangildong","37.55671","127.16642","상일동"
"seoul","5","5號線","554","강일","江一","Gangil","37.5577","127.175","강일"
"seoul","5","5號線","555","미사","渼沙","Misa","37.5632","127.1924","미사"
"seoul","5","5號線","556","하남풍산","河南豐山","Hanam Pungsan","37.552","127.2037","하남풍산"
"seoul","5","5號線","557","하남시청","河南市廳","Hanam City Hall","37.5415","127.2064","하남시청"
"seoul","5","5號線","558","하남검단산","河南黔丹山","Hanam Geomdansan","37.5396","127.223","하남검단산"
"seoul","6","6號線","610","응암","鷹岩","Eungam","37.5986","126.91558","응암"
"seoul","6","6號線","611","역촌","驛村","Yeokchon","37.60602","126.92274","역촌"
"seoul","6","6號線","612","불광","佛光","Bulgwang","37.61047","126.92989","불광"
"seoul","6","6號線","613","독바위","獨岩","Dokbawi","37.61846","126.93303","독바위"
"seoul","6","6號線","614","연신내","延新川","Yeonsinnae","37.619","126.92101","연신내"
"seoul","6","6號線","615","구산","龜山","Gusan","37.61138","126.91727","구산"
"seoul","6","6號線","616","새절","新寺","Saejeol","37.59115","126.91363","새절"
"seoul","6","6號線","617","증산","繒山","Jeungsan","37.58388","126.90964","증산"
"seoul","6","6號線","618","디지털미디어시티","數碼媒體城","Digital Media City","37.57665","126.90098","디지털미디어시티"
"seoul","6","6號線","619","월드컵경기장","世界盃體育場","World Cup Gyeonggijang","37.56953","126.8993","월드컵경기장"
"seoul","6","6號線","620","마포구청","麻浦區廳","Mapogucheong","37.56352","126.90334","마포구청"
"seoul","6","6號線","621","망원","望遠","Mangwon","37.55609","126.91005","망원"
"seoul","6","6號線","622","합정","合井","Hapjeong","37.54946","126.91374","합정"
"seoul","6","6號線","623","상수","上水","Sangsu","37.54772","126.92285","상수"
"seoul","6","6號線","624","광흥창","廣興倉","Gwangheungchang","37.54746","126.93199","광흥창"
"seoul","6","6號線","625","대흥","大興","Daeheung","37.54777","126.94207","대흥"
"seoul","6","6號線","626","공덕","孔德","Gongdeok","37.54402","126.95159","공덕"
"seoul","6","6號線","627","효창공원앞","孝昌公園前","Hyochanggongwonap","37.53926","126.96135","효창공원앞"
"seoul","6","6號線","628","삼각지","三角地","Samgakji","37.53478","126.97311","삼각지"
"seoul","6","6號線","629","녹사평","綠莎坪","Noksapyeong","37.53468","126.98669","녹사평"
"seoul","6","6號線","630","이태원","梨泰院","Itaewon","37.53449","126.9943","이태원"
"seoul","6","6號線","631","한강진","漢江鎭","Hangangjin","37.53963","127.00172","한강진"
"seoul","6","6號線","632","버티고개","버티嶺","Beotigogae","37.54801","127.00705","버티고개"
"seoul","6","6號線","633","약수","藥水","Yaksu","37.55434","127.01065","약수"
"seoul","6","6號線","634","청구","靑丘","Cheonggu","37.56025","127.01383","청구"
"seoul","6","6號線","635","신당","新堂","Sindang","37.56597","127.01782","신당"
"seoul","6","6號線","636","동묘앞","東廟前","Dongmyoap","37.57263","127.01643","동묘앞"
"seoul","6","6號線","637","창신","昌信","Changsin","37.57966","127.01524","창신"
"seoul","6","6號線","638","보문","普門","Bomun","37.58529","127.01938","보문"
"seoul","6","6號線","639","안암","安岩","Anam","37.58627","127.029","안암"
"seoul","6","6號線","640","고려대","高麗大","Goryeodae","37.59051","127.0363","고려대"
"seoul","6","6號線","641","월곡","月谷","Wolgok","37.60195","127.04152","월곡"
"seoul","6","6號線","642","상월곡","上月谷","Sangwolgok","37.60638","127.04849","상월곡"
"seoul","6","6號線","643","돌곶이","石串","Dolgoji","37.61054","127.05643","돌곶이"
"seoul","6","6號線","644","석계","石溪","Seokgye","37.6148","127.06585","석계"
"seoul","6","6號線","645","태릉입구","泰陵入口","Taereungipgu","37.61798","127.07512","태릉입구"
"seoul","6","6號線","646","화랑대","花郎臺","Hwarangdae","37.62006","127.08469","화랑대"
"seoul","6","6號線","647","봉화산","烽火山","Bonghwasan","37.61728","127.0914","봉화산"
"seoul","6","6號線","648","신내","新內","Sinnae","37.61267","127.10111","신내"
"seoul","7","7號線","709","장암","長岩","Jangam","37.70011","127.0532","장암"
"seoul","7","7號線","710","도봉산","道峰山","Dobongsan","37.68931","127.04622","도봉산"
"seoul","7","7號線","711","수락산","水落山","Suraksan","37.67785","127.05531","수락산"
"seoul","7","7號線","712","마들","馬野","Madeul","37.66494","127.05768","마들"
"seoul","7","7號線","713","노원","蘆原","Nowon","37.65513","127.06137","노원"
"seoul","7","7號線","714","중계","中溪","Junggye","37.64458","127.0643","중계"
"seoul","7","7號線","715","하계","下溪","Hagye","37.63635","127.06799","하계"
"seoul","7","7號線","716","공릉","孔陵","Gongneung","37.62574","127.0729","공릉"
"seoul","7","7號線","717","태릉입구","泰陵入口","Taereungipgu","37.61798","127.07512","태릉입구"
"seoul","7","7號線","718","먹골","墨谷","Meokgol","37.61064","127.07773","먹골"
"seoul","7","7號線","719","중화","中和","Junghwa","37.60254","127.07926","중화"
"seoul","7","7號線","720","상봉","上鳳","Sangbong","37.59636","127.08503","상봉"
"seoul","7","7號線","721","면목","面牧","Myeonmok","37.58858","127.0875","면목"
"seoul","7","7號線","722","사가정","四佳亭","Sagajeong","37.58089","127.08848","사가정"
"seoul","7","7號線","723","용마산","龍馬山","Yongmasan","37.57365","127.08673","용마산"
"seoul","7","7號線","724","중곡","中谷","Junggok","37.56592","127.08432","중곡"
"seoul","7","7號線","725","군자","君子","Gunja","37.55712","127.07954","군자"
"seoul","7","7號線","726","어린이대공원","兒童大公園","Eorini Daegongwon","37.54801","127.07466","어린이대공원"
"seoul","7","7號線","727","건대입구","建大入口","Geondaeipgu","37.54069","127.07023","건대입구"
"seoul","7","7號線","728","자양(뚝섬한강공원)","紫陽（纛島漢江公園）","Jayang (Ttukseom Hangang Park)","37.53154","127.0667","자양(뚝섬한강공원)"
"seoul","7","7號線","729","청담","淸潭","Cheongdam","37.51937","127.05335","청담"
"seoul","7","7號線","730","강남구청","江南區廳","Gangnamgucheong","37.51719","127.04128","강남구청"
"seoul","7","7號線","731","학동","鶴洞","Hakdong","37.51423","127.03166","학동"
"seoul","7","7號線","732","논현","論峴","Nonhyeon","37.51109","127.02142","논현"
"seoul","7","7號線","733","반포","盤浦","Banpo","37.50818","127.01173","반포"
"seoul","7","7號線","734","고속터미널","高速巴士客運站","Gosok Teomineol","37.50481","127.00494","고속터미널"
"seoul","7","7號線","735","내방","內方","Naebang","37.48762","126.99351","내방"
"seoul","7","7號線","736","이수","梨水","Isu","37.48626","126.98199","이수"
"seoul","7","7號線","737","남성","南城","Namseong","37.4846","126.97125","남성"
"seoul","7","7號線","738","숭실대입구","崇實大入口","Sungsildaeipgu","37.49603","126.95382","숭실대입구"
"seoul","7","7號線","739","상도","上道","Sangdo","37.50283","126.94791","상도"
"seoul","7","7號線","740","장승배기","長丞","Jangseungbaegi","37.5049","126.93915","장승배기"
"seoul","7","7號線","741","신대방삼거리","新大方三岔路口","Sindaebangsamgeori","37.4997","126.92828","신대방삼거리"
"seoul","7","7號線","742","보라매","波拉美","Boramae","37.49987","126.92043","보라매"
"seoul","7","7號線","743","신풍","新豐","Sinpung","37.50008","126.90993","신풍"
"seoul","7","7號線","744","대림","大林","Daerim","37.49297","126.8958","대림"
"seoul","7","7號線","745","남구로","南九老","Namguro","37.48606","126.88725","남구로"
"seoul","7","7號線","746","가산디지털단지","加山數碼園區","Gasan Digital Danji","37.48107","126.88234","가산디지털단지"
"seoul","7","7號線","747","철산","鐵山","Cheolsan","37.47605","126.86791","철산"
"seoul","7","7號線","748","광명사거리","光明十字路口","Gwangmyeongsageori","37.47925","126.85488","광명사거리"
"seoul","7","7號線","749","천왕","天旺","Cheonwang","37.48664","126.83871","천왕"
"seoul","7","7號線","750","온수","溫水","Onsu","37.49226","126.82339","온수"
"seoul","7","7號線","751","까치울","喜鵲村","Kkachiul","37.50621","126.81094","까치울"
"seoul","7","7號線","752","부천종합운동장","富川綜合運動場","Bucheon Jonghap Undongjang","37.50538","126.79734","부천종합운동장"
"seoul","7","7號線","753","춘의","春衣","Chunui","37.50366","126.78704","춘의"
"seoul","7","7號線","754","신중동","新中洞","Sinjungdong","37.50305","126.77596","신중동"
"seoul","7","7號線","755","부천시청","富川市廳","Bucheonsicheong","37.50463","126.76354","부천시청"
"seoul","7","7號線","756","상동","上洞","Sangdong","37.50578","126.75308","상동"
"seoul","7","7號線","757","삼산체육관","三山體育館","Samsan Gymnasium","37.5092","126.742","삼산체육관"
"seoul","7","7號線","758","굴포천","掘浦川","Gulpocheon","37.5062","126.732","굴포천"
"seoul","7","7號線","759","부평구청","富平區廳","Bupyeong-gu Office","37.5074","126.7221","부평구청"
"seoul","7","7號線","760","산곡","山谷","Sangok","37.5084","126.706","산곡"
"seoul","7","7號線","761","석남","石南","Seongnam","37.5062","126.6769","석남"
"seoul","8","8號線","804","별내","別內","Byeollae","37.642517","127.1273","별내"
"seoul","8","8號線","805","다산","茶山","Dasan","37.62437","127.1498","다산"
"seoul","8","8號線","806","동구릉","東九陵","Donggureung","37.610556","127.135056","동구릉"
"seoul","8","8號線","807","구리(구리전통시장)","九里（九里傳統市場）","Guri (Guri Traditional Market)","37.60256","127.14073","구리(구리전통시장)"
"seoul","8","8號線","808","장자호수공원","長者湖水公園","Jangja Lake Park","37.587222","127.13793","장자호수공원"
"seoul","8","8號線","809","암사역사공원","岩寺歷史公園","Amsa History Park","37.557167","127.137556","암사역사공원"
"seoul","8","8號線","810","암사","岩寺","Amsa","37.550127","127.127521","암사"
"seoul","8","8號線","811","천호","千戶","Cheonho","37.53792","127.123179","천호"
"seoul","8","8號線","812","강동구청","江東區廳","Gangdong-gu Office","37.530348","127.120461","강동구청"
"seoul","8","8號線","813","몽촌토성","夢村土城","Mongchontoseong","37.517692","127.11274","몽촌토성"
"seoul","8","8號線","814","잠실","蠶室","Jamsil","37.514649","127.104267","잠실"
"seoul","8","8號線","815","석촌","石村","Seokchon","37.505396","127.106995","석촌"
"seoul","8","8號線","816","송파","松坡","Songpa","37.49978","127.11212","송파"
"seoul","8","8號線","817","가락시장","可樂市場","Garak Market","37.493004","127.118279","가락시장"
"seoul","8","8號線","818","문정","文井","Munjeong","37.485931","127.122473","문정"
"seoul","8","8號線","819","장지","長旨","Jangji","37.478609","127.126229","장지"
"seoul","8","8號線","820","복정","福井","Bokjeong","37.471016","127.126746","복정"
"seoul","8","8號線","821","남위례","南慰禮","Namwirye","37.462839","127.139047","남위례"
"seoul","8","8號線","822","산성","山城","Sanseong","37.456886","127.149927","산성"
"seoul","8","8號線","823","남한산성입구","南漢山城入口","Namhansanseong Ipgu","37.451568","127.159845","남한산성입구"
"seoul","8","8號線","824","단대오거리","丹垈五岔路口","Dandaeogeori","37.445057","127.156735","단대오거리"
"seoul","8","8號線","825","신흥","新興","Sinheung","37.440952","127.14759","신흥"
"seoul","8","8號線","826","수진","壽進","Sujin","37.437575","127.140936","수진"
"seoul","8","8號線","827","모란","牡丹","Moran","37.433988","127.129921","모란"
"seoul","9","9號線","901","개화","開花","Gaehwa","37.57861","126.79815","개화"
"seoul","9","9號線","902","김포공항","金浦機場","Gimpogonghang","37.56243","126.80106","김포공항"
"seoul","9","9號線","903","공항시장","機場市場","Gonghangsijang","37.56373","126.81068","공항시장"
"seoul","9","9號線","904","신방화","新傍花","Sinbanghwa","37.56753","126.8166","신방화"
"seoul","9","9號線","905","마곡나루","麻谷渡口","Magongnaru","37.56734","126.8295","마곡나루"
"seoul","9","9號線","906","양천향교","陽川鄉校","Yangcheonhyanggyo","37.56838","126.84133","양천향교"
"seoul","9","9號線","907","가양","加陽","Gayang","37.56139","126.85446","가양"
"seoul","9","9號線","908","증미","拯米","Jeungmi","37.5574","126.86194","증미"
"seoul","9","9號線","909","등촌","登村","Deungchon","37.55063","126.86569","등촌"
"seoul","9","9號線","910","염창","鹽倉","Yeomchang","37.54694","126.87492","염창"
"seoul","9","9號線","911","신목동","新木洞","Sinmokdong","37.54428","126.88308","신목동"
"seoul","9","9號線","912","선유도","仙遊島","Seonyudo","37.53802","126.89352","선유도"
"seoul","9","9號線","913","당산","堂山","Dangsan","37.53438","126.90228","당산"
"seoul","9","9號線","914","국회의사당","國會議事堂","Gukhoeuisadang","37.5281","126.91787","국회의사당"
"seoul","9","9號線","915","여의도","汝矣島","Yeouido","37.52162","126.92419","여의도"
"seoul","9","9號線","916","샛강","細江","Saetgang","37.51727","126.92842","샛강"
"seoul","9","9號線","917","노량진","鷺梁津","Noryangjin","37.51422","126.94245","노량진"
"seoul","9","9號線","918","노들","鷺得","Nodeul","37.51289","126.95322","노들"
"seoul","9","9號線","919","흑석","黑石","Heukseok","37.50877","126.96371","흑석"
"seoul","9","9號線","920","동작","銅雀","Dongjak","37.50297","126.97931","동작"
"seoul","9","9號線","921","구반포","舊盤浦","Gubanpo","37.50136","126.98733","구반포"
"seoul","9","9號線","922","신반포","新盤浦","Sinbanpo","37.50341","126.99592","신반포"
"seoul","9","9號線","923","고속터미널","高速巴士客運站","Gosok Teomineol","37.50481","127.00494","고속터미널"
"seoul","9","9號線","924","사평","沙平","Sapyeong","37.50421","127.01526","사평"
"seoul","9","9號線","925","신논현","新論峴","Sinnonhyeon","37.5046","127.02506","신논현"
"seoul","9","9號線","926","언주","彥州","Eonju","37.50729","127.03387","언주"
"seoul","9","9號線","927","선정릉","宣靖陵","Seonjeongneung","37.51098","127.04359","선정릉"
"seoul","9","9號線","928","삼성중앙","三成中央","Samseongjungang","37.51301","127.05328","삼성중앙"
"seoul","9","9號線","929","봉은사","奉恩寺","Bongeunsa","37.51422","127.06024","봉은사"
"seoul","9","9號線","930","종합운동장","綜合運動場","Jonghap Undongjang","37.511","127.07364","종합운동장"
"seoul","9","9號線","931","삼전","三田","Samjeon","37.50468","127.0881","삼전"
"seoul","9","9號線","932","석촌고분","石村古墳","Seokchongobun","37.50468","127.08153","석촌고분"
"seoul","9","9號線","933","석촌","石村","Seokchon","37.50543","127.10698","석촌"
"seoul","9","9號線","934","송파나루","松坡渡口","Songpanaru","37.51024","127.11004","송파나루"
"seoul","9","9號線","935","한성백제","漢城百濟","Hanseongbaekje","37.51646","127.11408","한성백제"
"seoul","9","9號線","936","올림픽공원","奧林匹克公園","Ollimpik Gongwon","37.51638","127.12847","올림픽공원"
"seoul","9","9號線","937","둔촌오륜","遁村五輪","Dunchonoryun","37.51906","127.1369","둔촌오륜"
"seoul","9","9號線","938","중앙보훈병원","中央報勳醫院","Jungang Bohun Byeongwon","37.5268","127.14544","중앙보훈병원"
"seoul","A","機場鐵路 A'REX","A01","서울역","首爾站","Seoullyeok","37.55465","126.97256","서울역"
"seoul","A","機場鐵路 A'REX","A02","공덕","孔德","Gongdeok","37.54402","126.95159","공덕"
"seoul","A","機場鐵路 A'REX","A03","홍대입구","弘大入口","Hongdaeipgu","37.55719","126.92538","홍대입구"
"seoul","A","機場鐵路 A'REX","A04","디지털미디어시티","數碼媒體城","Digital Media City","37.57665","126.90098","디지털미디어시티"
"seoul","A","機場鐵路 A'REX","A042","마곡나루","麻谷渡口","Magongnaru","37.56694","126.82437","마곡나루"
"seoul","A","機場鐵路 A'REX","A05","김포공항","金浦機場","Gimpogonghang","37.56243","126.80106","김포공항"
"seoul","A","機場鐵路 A'REX","A06","계양","桂陽","Gyeyang","37.57146","126.73564","계양"
"seoul","A","機場鐵路 A'REX","A07","검암","黔岩","Geomam","37.5691","126.67373","검암"
"seoul","A","機場鐵路 A'REX","A071","청라국제도시","靑蘿國際城","Cheongna Gukje Dosi","37.55588","126.62533","청라국제도시"
"seoul","A","機場鐵路 A'REX","A072","영종","永宗","Yeongjong","37.51147","126.5237","영종"
"seoul","A","機場鐵路 A'REX","A08","운서","雲西","Unseo","37.4929","126.49379","운서"
"seoul","A","機場鐵路 A'REX","A09","공항화물청사","機場貨運辦公樓","Gonghang Hwamul Cheongsa","37.45837","126.47624","공항화물청사"
"seoul","A","機場鐵路 A'REX","A10","인천공항1터미널","仁川機場1號航廈","Incheon Gonghang 1 Terminal","37.44746","126.45251","인천공항1터미널"
"seoul","A","機場鐵路 A'REX","A11","인천공항2터미널","仁川機場2號航廈","Incheon Gonghang 2 Terminal","37.46203","126.4208","인천공항2터미널"
"seoul","D","新盆唐線","D04","신사","新沙","Sinsa","37.5163","127.0201","신사"
"seoul","D","新盆唐線","D05","논현","論峴","Nonhyeon","37.5111","127.0214","논현"
"seoul","D","新盆唐線","D06","신논현","新論峴","Sinnonhyeon","37.5046","127.0251","신논현"
"seoul","D","新盆唐線","D07","강남","江南","Gangnam","37.4972","127.0279","강남"
"seoul","D","新盆唐線","D08","양재","良才","Yangjae","37.4842","127.0346","양재"
"seoul","D","新盆唐線","D09","양재시민의숲","良才市民之林","Yangjae Citizen's Forest","37.47","127.0384","양재시민의숲"
"seoul","D","新盆唐線","D10","청계산입구","清溪山入口","Cheonggyesan","37.4472","127.0557","청계산입구"
"seoul","D","新盆唐線","D11","판교","板橋","Pangyo","37.3948","127.1112","판교"
"seoul","D","新盆唐線","D12","정자","亭子","Jeongja","37.366","127.1081","정자"
"seoul","D","新盆唐線","D13","미금","美金","Migeum","37.3501","127.1085","미금"
"seoul","D","新盆唐線","D14","동천","東川","Dongcheon","37.3378","127.1028","동천"
"seoul","D","新盆唐線","D15","수지구청","水枝區廳","Suji-gu Office","37.3226","127.0948","수지구청"
"seoul","D","新盆唐線","D16","성복","星福","Seongbok","37.3135","127.0804","성복"
"seoul","D","新盆唐線","D17","상현","上峴","Sanghyeon","37.2979","127.0694","상현"
"seoul","D","新盆唐線","D18","광교중앙","光教中央","Gwanggyo Jungang","37.2884","127.0516","광교중앙"
"seoul","D","新盆唐線","D19","광교","光教","Gwanggyo","37.302","127.0445","광교"
"seoul","UI","牛耳新設線","S110","북한산우이","北漢山牛耳","Bukhansan Ui","37.66291","127.01061","북한산우이"
"seoul","UI","牛耳新設線","S111","솔밭공원","松林公園","Solbatgongwon","37.65605","127.01109","솔밭공원"
"seoul","UI","牛耳新設線","S112","419민주묘지","4·19民主墓地","Sailgu Minju Myoji","37.64824","127.00861","419민주묘지"
"seoul","UI","牛耳新設線","S113","가오리","加五里","Gaori","37.64156","127.01462","가오리"
"seoul","UI","牛耳新設線","S114","화계","華溪","Hwagye","37.63394","127.01623","화계"
"seoul","UI","牛耳新設線","S115","삼양","三陽","Samyang","37.63394","127.00967","삼양"
"seoul","UI","牛耳新設線","S116","삼양사거리","三陽十字路口","Samyangsageori","37.62134","127.01832","삼양사거리"
"seoul","UI","牛耳新設線","S117","솔샘","松泉","Solsaem","37.61926","127.00925","솔샘"
"seoul","UI","牛耳新設線","S118","북한산보국문","北漢山輔國門","Bukhansan Bogungmun","37.61218","127.00599","북한산보국문"
"seoul","UI","牛耳新設線","S119","정릉","貞陵","Jeongneung","37.60267","127.01131","정릉"
"seoul","UI","牛耳新設線","S120","성신여대입구","誠信女大入口","Seongsinyeodae Ipgu","37.59262","127.0164","성신여대입구"
"seoul","UI","牛耳新設線","S121","보문","普門","Bomun","37.58529","127.01938","보문"
"seoul","UI","牛耳新設線","S122","신설동","新設洞","Sinseoldong","37.5753","127.02509","신설동"
"seoul","1P","1號線 京釜·長項線","141","구로","九老","Guro","37.50304","126.88197","구로"
"seoul","1P","1號線 京釜·長項線","P142","가산디지털단지","加山數碼園區","Gasan Digital Complex","37.4811","126.8823","가산디지털단지"
"seoul","1P","1號線 京釜·長項線","P143","독산","禿山","Doksan","37.4665","126.889","독산"
"seoul","1P","1號線 京釜·長項線","P144","금천구청","衿川區廳","Geumcheon-gu Office","37.4555","126.8937","금천구청"
"seoul","1P","1號線 京釜·長項線","P145","석수","石水","Seoksu","37.435","126.9023","석수"
"seoul","1P","1號線 京釜·長項線","P146","관악","冠岳","Gwanak","37.4192","126.9081","관악"
"seoul","1P","1號線 京釜·長項線","P147","안양","安養","Anyang","37.4014","126.9228","안양"
"seoul","1P","1號線 京釜·長項線","P148","명학","鳴鶴","Myeonghak","37.3844","126.9353","명학"
"seoul","1P","1號線 京釜·長項線","P149","금정","衿井","Geumjeong","37.3722","126.9434","금정"
"seoul","1P","1號線 京釜·長項線","P150","군포","軍浦","Gunpo","37.3539","126.9485","군포"
"seoul","1P","1號線 京釜·長項線","P151","당정","堂井","Dangjeong","37.344","126.9488","당정"
"seoul","1P","1號線 京釜·長項線","P152","의왕","義王","Uiwang","37.3209","126.9489","의왕"
"seoul","1P","1號線 京釜·長項線","P153","성균관대","成均館大","Sungkyunkwan Univ.","37.3006","126.9708","성균관대"
"seoul","1P","1號線 京釜·長項線","P154","화서","華西","Hwaseo","37.2839","126.9898","화서"
"seoul","1P","1號線 京釜·長項線","P155","수원","水原","Suwon","37.2663","127","수원"
"seoul","1P","1號線 京釜·長項線","P156","세류","細柳","Seryu","37.2444","127.0136","세류"
"seoul","1P","1號線 京釜·長項線","P157","병점","餠店","Byeongjeom","37.2068","127.0332","병점"
"seoul","1P","1號線 京釜·長項線","P158","세마","洗馬","Sema","37.1876","127.0431","세마"
"seoul","1P","1號線 京釜·長項線","P159","오산대","烏山大","Osan Univ.","37.1693","127.0631","오산대"
"seoul","1P","1號線 京釜·長項線","P160","오산","烏山","Osan","37.1454","127.0668","오산"
"seoul","1P","1號線 京釜·長項線","P161","진위","振威","Jinwi","37.1098","127.0624","진위"
"seoul","1P","1號線 京釜·長項線","P162","송탄","松炭","Songtan","37.0756","127.0544","송탄"
"seoul","1P","1號線 京釜·長項線","P163","서정리","西井里","Seojeongni","37.0566","127.0531","서정리"
"seoul","1P","1號線 京釜·長項線","P164","평택지제","平澤芝制","PyeongtaekJije","37.0189","127.0705","평택지제"
"seoul","1P","1號線 京釜·長項線","P165","평택","平澤","Pyeongtaek","36.9912","127.085","평택"
"seoul","1P","1號線 京釜·長項線","P166","성환","成歡","Seonghwan","36.9156","127.1264","성환"
"seoul","1P","1號線 京釜·長項線","P167","직산","稷山","Jiksan","36.87","127.1434","직산"
"seoul","1P","1號線 京釜·長項線","P168","두정","斗井","Dujeong","36.8336","127.1486","두정"
"seoul","1P","1號線 京釜·長項線","P169","천안","天安","Cheonan","36.81","127.146","천안"
"seoul","1P","1號線 京釜·長項線","P170","봉명","鳳鳴","Bongmyeong","36.7973","127.1358","봉명"
"seoul","1P","1號線 京釜·長項線","P171","쌍용","雙龍","Ssangyong","36.7939","127.1214","쌍용"
"seoul","1P","1號線 京釜·長項線","P172","아산","牙山","Asan","36.7925","127.1043","아산"
"seoul","1P","1號線 京釜·長項線","P173","탕정","湯井","Tangjeong","36.7912","127.0887","탕정"
"seoul","1P","1號線 京釜·長項線","P174","배방","排芳","Baebang","36.7772","127.0528","배방"
"seoul","1P","1號線 京釜·長項線","P175","온양온천","溫陽溫泉","Onyangoncheon","36.7801","127.0055","온양온천"
"seoul","1P","1號線 京釜·長項線","P176","신창","新昌","Sinchang","36.7691","126.951","신창"
"seoul","1G","1號線 光明接駁","P144","금천구청","衿川區廳","Geumcheon-gu Office","37.4555","126.8937","금천구청"
"seoul","1G","1號線 光明接駁","P144-1","광명","光明","Gwangmyeong","37.4162","126.8845","광명"
"seoul","1S","1號線 西東灘支線","P157","병점","餠店","Byeongjeom","37.2068","127.0332","병점"
"seoul","1S","1號線 西東灘支線","P157-1","서동탄","西東灘","Seodongtan","37.1954","127.0511","서동탄"
"seoul","2B","2號線 聖水支線","211","성수","聖水","Seongsu","37.54458","127.05596","성수"
"seoul","2B","2號線 聖水支線","211-1","용답","龍踏","Yongdap","37.5619","127.0509","용답"
"seoul","2B","2號線 聖水支線","211-2","신답","新踏","Sindap","37.57004","127.04648","신답"
"seoul","2B","2號線 聖水支線","211-3","용두","龍頭","Yongdu","37.57403","127.03809","용두"
"seoul","2B","2號線 聖水支線","211-4","신설동","新設洞","Sinseoldong","37.5753","127.02509","신설동"
"seoul","2C","2號線 新亭支線","234","신도림","新道林","Sindorim","37.50872","126.89129","신도림"
"seoul","2C","2號線 新亭支線","234-1","도림천","道林川","Dorimcheon","37.51429","126.88277","도림천"
"seoul","2C","2號線 新亭支線","234-2","양천구청","陽川區廳","Yangcheongucheong","37.5124","126.86582","양천구청"
"seoul","2C","2號線 新亭支線","234-3","신정네거리","新亭十字路口","Sinjeongnegeori","37.52007","126.85291","신정네거리"
"seoul","2C","2號線 新亭支線","234-4","까치산","喜鵲山","Kkachisan","37.53177","126.84668","까치산"
"seoul","5M","5號線 馬川支線","548","강동","江東","Gangdong","37.5358","127.1325","강동"
"seoul","5M","5號線 馬川支線","P549","둔촌동","遁村洞","Dunchon-dong","37.5271","127.1366","둔촌동"
"seoul","5M","5號線 馬川支線","P550","올림픽공원","奧林匹克公園","Olympic Park","37.5164","127.1285","올림픽공원"
"seoul","5M","5號線 馬川支線","P551","방이","芳荑","Bangi","37.5082","127.1268","방이"
"seoul","5M","5號線 馬川支線","P552","오금","梧琴","Ogeum","37.5022","127.1281","오금"
"seoul","5M","5號線 馬川支線","P553","개롱","開籠","Gaerong","37.4981","127.1347","개롱"
"seoul","5M","5號線 馬川支線","P554","거여","巨餘","Geoyeo","37.493","127.146","거여"
"seoul","5M","5號線 馬川支線","P555","마천","馬川","Macheon","37.495","127.1522","마천"
"busan","B1","1號線","134","노포","老圃","Nopo","35.28361","129.095","노포"
"busan","B1","1號線","133","범어사","梵魚寺","Beomeosa","35.27333","129.09268","범어사"
"busan","B1","1號線","132","남산","南山","Namsan","35.26528","129.0925","남산"
"busan","B1","1號線","131","두실","斗室","Dusil","35.25694","129.09139","두실"
"busan","B1","1號線","130","구서","久瑞","Guseo","35.24722","129.09139","구서"
"busan","B1","1號線","129","장전","長箭","Jangjeon","35.23806","129.08806","장전"
"busan","B1","1號線","128","부산대","釜山大學","Pusan Nat’l Univ.","35.23","129.08944","부산대"
"busan","B1","1號線","127","온천장","溫泉場","Oncheonjang","35.22056","129.08667","온천장"
"busan","B1","1號線","126","명륜","明倫","Myeongnyun","35.21222","129.07944","명륜"
"busan","B1","1號線","125","동래","東萊","Dongnae","35.20556","129.078461","동래"
"busan","B1","1號線","124","교대","教大","Busan Nat’l Univ. of Edu.","35.19583","129.08","교대"
"busan","B1","1號線","123","연산","蓮山","Yeonsan","35.18611","129.08167","연산"
"busan","B1","1號線","122","시청","市廳","City Hall","35.17972","129.07667","시청"
"busan","B1","1號線","121","양정","楊亭","Yangjeong","35.17304","129.07119","양정"
"busan","B1","1號線","120","부전","釜田","Bujeon","35.1625","129.06278","부전"
"busan","B1","1號線","119","서면","西面","Seomyeon","35.15778","129.05917","서면"
"busan","B1","1號線","118","범내골","凡內谷","Beomnaegol","35.14722","129.05917","범내골"
"busan","B1","1號線","117","범일","凡一","Beomil","35.14139","129.05944","범일"
"busan","B1","1號線","116","좌천","佐川","Jwacheon","35.13417","129.05417","B1-jwacheon"
"busan","B1","1號線","115","부산진","釜山鎮","Busanjin","35.12778","129.04778","부산진"
"busan","B1","1號線","114","초량","草梁","Choryang","35.12111","129.04296","초량"
"busan","B1","1號線","113","부산역","釜山站","Busan Station","35.11528","129.03972","부산역"
"busan","B1","1號線","112","중앙","中央","Jungang","35.10389","129.03639","중앙"
"busan","B1","1號線","111","남포","南浦","Nampo","35.09778","129.03472","남포"
"busan","B1","1號線","110","자갈치","札嘎其","Jagalchi","35.0975","129.02694","자갈치"
"busan","B1","1號線","109","토성","土城","Toseong","35.10083","129.01972","토성"
"busan","B1","1號線","108","동대신","東大新","Dongdaesin","35.11056","129.01757","동대신"
"busan","B1","1號線","107","서대신","西大新","Seodaesin","35.11083","129.01194","서대신"
"busan","B1","1號線","106","대티","大峙","Daeti","35.10306","128.99972","대티"
"busan","B1","1號線","105","괴정","槐亭","Goejeong","35.1","128.9925","괴정"
"busan","B1","1號線","104","사하","沙下","Saha","35.09972","128.98333","사하"
"busan","B1","1號線","103","당리","堂里","Dangni","35.10333","128.97417","당리"
"busan","B1","1號線","102","하단","下端","Hadan","35.10611","128.96667","하단"
"busan","B1","1號線","101","신평","新平","Sinpyeong","35.09556","128.96056","신평"
"busan","B1","1號線","100","동매","東梅","Dongmae","35.089819","128.974029","동매"
"busan","B1","1號線","099","장림","長林","Jangnim","35.081555","128.9773083","장림"
"busan","B1","1號線","098","신장림","新長林","Sinjangnim","35.074222","128.976538","신장림"
"busan","B1","1號線","097","낫개","納介","Natgae","35.065179","128.979702","낫개"
"busan","B1","1號線","096","다대포항","多大浦港","Dadaepo Harbor","35.057288","128.971151","다대포항"
"busan","B1","1號線","095","다대포해수욕장","多大浦海水浴場","Dadaepo Beach","35.048229","128.965919","다대포해수욕장"
"busan","B2","2號線","243","양산","梁山","Yangsan","35.33851","129.02643","양산"
"busan","B2","2號線","242","남양산","南梁山","Namyangsan","35.32533","129.01942","남양산"
"busan","B2","2號線","241","부산대양산캠퍼스","釜山大學梁山校區","Pusan Nat’l Univ. Yangsan Campus","35.31697","129.01383","부산대양산캠퍼스"
"busan","B2","2號線","240","증산","甑山","Jeungsan","35.30828","129.01028","증산"
"busan","B2","2號線","239","호포","湖浦","Hopo","35.281","129.017525","호포"
"busan","B2","2號線","238","금곡","金谷","Geumgok","35.26733","129.01686","금곡"
"busan","B2","2號線","237","동원","東院","Dongwon","35.25864","129.01242","동원"
"busan","B2","2號線","236","율리","栗里","Yulli","35.24672","129.01292","율리"
"busan","B2","2號線","235","화명","華明","Hwamyeong","35.23585","129.01387","화명"
"busan","B2","2號線","234","수정","水亭","Sujeong","35.22336","129.00922","수정"
"busan","B2","2號線","233","덕천","德川","Deokcheon","35.21011","129.00533","덕천"
"busan","B2","2號線","232","구명","龜明","Gumyeong","35.20253","128.99931","구명"
"busan","B2","2號線","231","구남","龜南","Gunam","35.19681","128.99492","구남"
"busan","B2","2號線","230","모라","毛羅","Mora","35.18967","128.98864","모라"
"busan","B2","2號線","229","모덕","毛德","Modeok","35.18036","128.98561","모덕"
"busan","B2","2號線","228","덕포","德浦","Deokpo","35.17378","128.98394","덕포"
"busan","B2","2號線","227","사상","沙上","Sasang","35.16218","128.98467","사상"
"busan","B2","2號線","226","감전","甘田","Gamjeon","35.15553","128.99114","감전"
"busan","B2","2號線","225","주례","周禮","Jurye","35.1505","129.00306","주례"
"busan","B2","2號線","224","냉정","冷井","Naengjeong","35.15125","129.01228","냉정"
"busan","B2","2號線","223","개금","開琴","Gaegeum","35.15325","129.02056","개금"
"busan","B2","2號線","222","동의대","東義大學","Dong-eui Univ.","35.15411","129.0325","동의대"
"busan","B2","2號線","221","가야","伽倻","Gaya","35.15589","129.04283","가야"
"busan","B2","2號線","220","부암","釜岩","Buam","35.15744","129.05019","부암"
"busan","B2","2號線","219","서면","西面","Seomyeon","35.15768","129.058517","서면"
"busan","B2","2號線","218","전포","田浦","Jeonpo","35.15311","129.06533","전포"
"busan","B2","2號線","217","국제금융센터·부산은행","國際金融中心·釜山銀行","Busan Int’l Finance Center·Busan Bank","35.14583","129.06672","국제금융센터·부산은행"
"busan","B2","2號線","216","문현","門峴","Munhyeon","35.13911","129.06736","문현"
"busan","B2","2號線","215","지게골","支架谷","Jigegol","35.13558","129.07436","지게골"
"busan","B2","2號線","214","못골","沒谷","Motgol","35.13472","129.08442","못골"
"busan","B2","2號線","213","대연","大淵","Daeyeon","35.13512","129.09218","대연"
"busan","B2","2號線","212","경성대·부경대","慶星大學·釜慶大學","Kyungsung Univ.·Pukyong Nat’l Univ.","35.13757","129.10055","경성대·부경대"
"busan","B2","2號線","211","남천","南川","Namcheon","35.14217","129.10797","남천"
"busan","B2","2號線","210","금련산","金蓮山","Geumnyeonsan","35.14989","129.111008","금련산"
"busan","B2","2號線","209","광안","廣安","Gwangan","35.15792","129.113197","광안"
"busan","B2","2號線","208","수영","水營","Suyeong","35.16578","129.114842","수영"
"busan","B2","2號線","207","민락","民樂","Millak","35.16722","129.121878","민락"
"busan","B2","2號線","206","센텀시티","新世界Centum City","Centum City","35.16892","129.131764","센텀시티"
"busan","B2","2號線","205","벡스코","BEXCO","BEXCO","35.16911","129.138431","벡스코"
"busan","B2","2號線","204","동백","冬柏","Dongbaek","35.16147","129.147887","동백"
"busan","B2","2號線","203","해운대","海雲臺","Haeundae","35.163518","129.158584","해운대"
"busan","B2","2號線","202","중동","中洞","Jung-dong","35.16669","129.16887","중동"
"busan","B2","2號線","201","장산","萇山","Jangsan","35.17","129.17694","장산"
"busan","B3","3號線","317","대저","大渚","Daejeo","35.21343","128.96074","대저"
"busan","B3","3號線","316","체육공원","體育公園","Sports Park","35.21261","128.96894","체육공원"
"busan","B3","3號線","315","강서구청","江西區廳","Gangseo-gu Office","35.21125","128.98175","강서구청"
"busan","B3","3號線","314","구포","龜浦","Gupo","35.20644","128.99631","구포"
"busan","B3","3號線","313","덕천","德川","Deokcheon","35.210139","129.005545","덕천"
"busan","B3","3號線","312","숙등","淑嶝","Sukdeung","35.21197","129.01275","숙등"
"busan","B3","3號線","311","남산정","南山亭","Namsanjeong","35.21333","129.02392","남산정"
"busan","B3","3號線","310","만덕","萬德","Mandeok","35.213","129.0365","만덕"
"busan","B3","3號線","309","미남","美南","Minam","35.2055","129.06806","미남"
"busan","B3","3號線","308","사직","社稷","Sajik","35.199","129.065","사직"
"busan","B3","3號線","307","종합운동장","綜合運動場","Sports Complex","35.19125","129.0675","종합운동장"
"busan","B3","3號線","306","거제","巨堤","Geoje","35.18858","129.07394","거제"
"busan","B3","3號線","305","연산","蓮山","Yeonsan","35.18614","129.08147","연산"
"busan","B3","3號線","304","물만골","水滿谷","Mulmangol","35.17681","129.08575","물만골"
"busan","B3","3號線","303","배산","盃山","Baesan","35.1735","129.0955","배산"
"busan","B3","3號線","302","망미","望美","Mangmi","35.17153","129.10822","망미"
"busan","B3","3號線","301","수영","水營","Suyeong","35.16775","129.11458","수영"
"busan","B4","4號線","414","안평","安平","Anpyeong","35.23733","129.17183","안평"
"busan","B4","4號線","413","고촌","古村","Gochon","35.23603","129.1605","고촌"
"busan","B4","4號線","412","윗반송","上盤松","Witbansong","35.2325","129.15403","윗반송"
"busan","B4","4號線","411","영산대","靈山大學","Youngsan Univ.","35.22578","129.14617","영산대"
"busan","B4","4號線","410","석대","石坮","Seokdae","35.21825","129.13717","석대"
"busan","B4","4號線","409","반여농산물시장","盤如農產物市場","Banyeo Agricultural Market","35.21778","129.12397","반여농산물시장"
"busan","B4","4號線","408","금사","金沙","Geumsa","35.21583","129.11517","금사"
"busan","B4","4號線","407","서동","書洞","Seo-dong","35.21331","129.10769","서동"
"busan","B4","4號線","406","명장","明將","Myeongjang","35.20503","129.10161","명장"
"busan","B4","4號線","405","충렬사","忠烈祠","Chungnyeolsa","35.19986","129.09764","충렬사"
"busan","B4","4號線","404","낙민","樂民","Nangmin","35.20025","129.09078","낙민"
"busan","B4","4號線","403","수안","壽安","Suan","35.20183","129.08378","수안"
"busan","B4","4號線","402","동래","東萊","Dongnae","35.20466","129.07741","동래"
"busan","B4","4號線","401","미남","美南","Minam","35.20643","129.06868","미남"
"busan","BGL","金海輕軌","521","가야대","加耶大學","Kaya Univ.","35.26672721","128.8650703","가야대"
"busan","BGL","金海輕軌","520","장신대","長神大學","Presbyterian Univ.","35.25955642","128.8671142","장신대"
"busan","BGL","金海輕軌","519","연지공원","蓮池公園","Yeonji Park","35.24965763","128.8692908","연지공원"
"busan","BGL","金海輕軌","518","박물관","博物館","Museum","35.24006467","128.8718628","박물관"
"busan","BGL","金海輕軌","517","수로왕릉","首露王陵","Royal Tomb of King Suro","35.2328215","128.8721409","수로왕릉"
"busan","BGL","金海輕軌","516","봉황","鳳凰","Bonghwang","35.22726757","128.8743069","봉황"
"busan","BGL","金海輕軌","515","부원","府院","Buwon","35.22646624","128.8838997","부원"
"busan","BGL","金海輕軌","514","김해시청","金海市廳","Gimhae City Hall","35.227103","128.89041","김해시청"
"busan","BGL","金海輕軌","513","인제대","仁濟大學","Inje Univ.","35.228099","128.901736","인제대"
"busan","BGL","金海輕軌","512","김해대학","金海大學","Gimhae College","35.22899","128.915612","김해대학"
"busan","BGL","金海輕軌","511","지내","池內","Jinae","35.2275","128.923721","지내"
"busan","BGL","金海輕軌","510","불암","佛岩","Buram","35.222162","128.927893","불암"
"busan","BGL","金海輕軌","509","대사","大沙","Daesa","35.217657","128.938417","대사"
"busan","BGL","金海輕軌","508","평강","平江","Pyeonggang","35.214105","128.950825","평강"
"busan","BGL","金海輕軌","507","대저","大渚","Daejeo","35.213066","128.960562","대저"
"busan","BGL","金海輕軌","506","등구","燈丘","Deunggu","35.196143","128.963599","등구"
"busan","BGL","金海輕軌","505","덕두","德斗","Deokdu","35.182001","128.954198","덕두"
"busan","BGL","金海輕軌","504","김해국제공항","金海國際機場","Gimhae International Airport","35.171906","128.948586","김해국제공항"
"busan","BGL","金海輕軌","503","서부산유통지구","西釜山流通園區","Seobusan Yutongjigu","35.16640204","128.9548881","서부산유통지구"
"busan","BGL","金海輕軌","502","괘법르네시떼","掛法雷諾城","Gwaebeop Renecite","35.1632616","128.9776836","괘법르네시떼"
"busan","BGL","金海輕軌","501","사상","沙上","Sasang","35.1623018","128.9859408","사상"
"busan","DH","東海線","K110","부전","釜田","Bujeon","35.164668","129.06011","부전"
"busan","DH","東海線","K111","거제해맞이","巨堤日出","Geojehaemaji","35.181197","129.069015","거제해맞이"
"busan","DH","東海線","K112","거제","巨堤","Geoje","35.18958","129.074385","거제"
"busan","DH","東海線","K113","교대","教大","Busan Nat’l Univ. of Edu.","35.1938","129.07958","교대"
"busan","DH","東海線","K114","동래","東萊","Dongnae","35.204714","129.0773502","동래"
"busan","DH","東海線","K115","안락","安樂","Allak","35.196007","129.101062","안락"
"busan","DH","東海線","K116","부산원동","釜山院洞","Busanwondong","35.1938","129.113709","부산원동"
"busan","DH","東海線","K117","재송","栽松","Jaesong","35.188","129.120109","재송"
"busan","DH","東海線","K118","센텀","Centum","Centum","35.1793","129.1245","센텀"
"busan","DH","東海線","K119","벡스코","BEXCO","BEXCO","35.1717","129.135958","벡스코"
"busan","DH","東海線","K120","신해운대","新海雲臺","Sinhaeundae","35.181832","129.176696","신해운대"
"busan","DH","東海線","K121","송정","松亭","Songjeong","35.187832","129.202069","송정"
"busan","DH","東海線","K122","오시리아","奧西里亞","OSIRIA","35.196256","129.208291","오시리아"
"busan","DH","東海線","K123","기장","機張","Gijang","35.244627","129.2188951","기장"
"busan","DH","東海線","K124","일광","日光","Ilgwang","35.2675565","129.2330307","일광"
"busan","DH","東海線","K125","좌천","佐川","Jwacheon","35.311838","129.245197","DH-jwacheon"
"busan","DH","東海線","K126","월내","月內","Wollae","35.328177","129.276626","월내"
"busan","DH","東海線","K127","서생","西生","Seosaeng","35.346121","129.29304","서생"
"busan","DH","東海線","K128","남창","南倉","Namchang","35.419713","129.28223","남창"
"busan","DH","東海線","K129","망양","望洋","Mangyang","35.456519","129.287856","망양"
"busan","DH","東海線","K130","덕하","德下","Deokha","35.494007","129.303094","덕하"
"busan","DH","東海線","K131","개운포","開雲浦","Gaeunpo","35.507884","129.321097","개운포"
"busan","DH","東海線","K132","태화강","太和江","Taehwagang","35.538669","129.353269","태화강"
